-- phpMyAdmin SQL Dump
-- version 4.6.4
-- https://www.phpmyadmin.net/
--
-- Host: 127.0.0.1
-- Generation Time: Oct 07, 2019 at 01:45 PM
-- Server version: 5.7.14
-- PHP Version: 5.6.25

SET SQL_MODE = "NO_AUTO_VALUE_ON_ZERO";
SET time_zone = "+00:00";


/*!40101 SET @OLD_CHARACTER_SET_CLIENT=@@CHARACTER_SET_CLIENT */;
/*!40101 SET @OLD_CHARACTER_SET_RESULTS=@@CHARACTER_SET_RESULTS */;
/*!40101 SET @OLD_COLLATION_CONNECTION=@@COLLATION_CONNECTION */;
/*!40101 SET NAMES utf8mb4 */;

--
-- Database: `ufaz_students_timetables_absences`
--

-- --------------------------------------------------------

--
-- Table structure for table `absences`
--

DROP TABLE IF EXISTS `absences`;
CREATE TABLE `absences` (
  `student_id` int(11) NOT NULL DEFAULT '0',
  `absence_duration` float DEFAULT NULL,
  `course_id` int(11) NOT NULL DEFAULT '0'
) ENGINE=InnoDB DEFAULT CHARSET=latin1;

--
-- Dumping data for table `absences`
--

INSERT INTO `absences` (`student_id`, `absence_duration`, `course_id`) VALUES
(3562, 2, 76626),
(3562, 3, 76658),
(3562, 2, 76754),
(3562, 2, 77288),
(3562, 3, 77289),
(3562, 2, 77290),
(3746, 3, 74577),
(3746, 2, 74647),
(3746, 2, 76310),
(3747, 1, 77336),
(3747, 4, 77337),
(3747, 2, 77536),
(3747, 4, 77619),
(3747, 2, 77641),
(3747, 2, 77690),
(3748, 2, 77505),
(3748, 2, 77507),
(3748, 2, 77533),
(3748, 2, 77535),
(3748, 3, 77561),
(3748, 3, 77563),
(3748, 1, 77589),
(3748, 2, 77617),
(3748, 1, 77996),
(3748, 2, 78585),
(3749, 3, 75150),
(3749, 1, 75733),
(3749, 2, 75746),
(3749, 2, 75751),
(3749, 2, 75758),
(3749, 2, 75759),
(3749, 2, 75780),
(3749, 2, 75785),
(3749, 2, 75792),
(3749, 2, 75793),
(3749, 3, 75814),
(3749, 1, 75819),
(3749, 1, 75826),
(3749, 1, 75828),
(3749, 2, 75860),
(3749, 2, 75861),
(3749, 2, 75862),
(3749, 2, 75882),
(3749, 2, 75894),
(3749, 2, 75896),
(3749, 2, 75950),
(3749, 2, 75954),
(3749, 2, 75961),
(3749, 2, 75962),
(3749, 2, 75963),
(3749, 2, 75964),
(3749, 1, 75984),
(3749, 1, 75995),
(3749, 1, 75996),
(3749, 1, 75997),
(3749, 2, 76018),
(3749, 2, 76029),
(3749, 2, 76030),
(3749, 2, 76031),
(3749, 2, 76052),
(3749, 2, 76063),
(3749, 2, 76064),
(3749, 2, 76065),
(3749, 2, 76086),
(3749, 2, 76097),
(3749, 2, 76099),
(3749, 2, 77489),
(3749, 2, 77804),
(3749, 2, 77866),
(3749, 2, 78714),
(3759, 1, 75156),
(3759, 4, 76348),
(3759, 1, 76452),
(3759, 4, 76453),
(3759, 2, 77503),
(3759, 2, 77531),
(3759, 3, 77559),
(3759, 1, 77703),
(3760, 2, 75182),
(3760, 2, 75183),
(3760, 2, 76219),
(3760, 2, 76266),
(3760, 2, 76271),
(3762, 3, 75240),
(3762, 1, 75302),
(3762, 1, 75331),
(3762, 2, 75376),
(3762, 2, 75378),
(3762, 2, 75380),
(3762, 2, 75387),
(3762, 2, 75434),
(3762, 2, 75438),
(3762, 2, 75471),
(3762, 2, 75529),
(3762, 2, 75558),
(3762, 2, 75614),
(3762, 2, 75621),
(3762, 4, 75652),
(3762, 4, 75654),
(3762, 4, 75655),
(3762, 4, 75657),
(3762, 1.5, 75666),
(3762, 1.5, 75676),
(3762, 1.5, 75679),
(3762, 1.5, 75680),
(3762, 4.5, 76413),
(3762, 2, 77862),
(3762, 2, 78510),
(3763, 1, 75294),
(3763, 1, 75323),
(3763, 2, 75419),
(3763, 2, 75448),
(3763, 2, 75471),
(3763, 2, 75525),
(3763, 2, 75527),
(3763, 2, 75532),
(3763, 2, 75534),
(3763, 2, 75556),
(3763, 2, 75561),
(3763, 2, 75563),
(3763, 2, 75590),
(3763, 2, 75613),
(3763, 1, 75657),
(3763, 1.5, 75676),
(3763, 1.5, 75707),
(3763, 2, 78510),
(3764, 2, 75471),
(3764, 1.5, 75676),
(3768, 2, 76097),
(3769, 2, 75922),
(3769, 2, 75925),
(3769, 1, 75990),
(3769, 2, 76066),
(3769, 2, 76212),
(3769, 2, 76262),
(3769, 2, 77097),
(3769, 2, 78734),
(3771, 2, 76634),
(3771, 2, 76635),
(3771, 2, 76636),
(3771, 2, 76637),
(3771, 3, 76662),
(3771, 3, 76666),
(3771, 3, 76667),
(3771, 3, 76668),
(3771, 3, 76669),
(3771, 2, 76693),
(3771, 2, 76699),
(3771, 2, 76758),
(3771, 5, 76762),
(3771, 2, 76763),
(3771, 5, 76764),
(3771, 3, 76790),
(3771, 2, 77297),
(3771, 2, 77298),
(3771, 2, 77300),
(3771, 2, 77301),
(3771, 2, 77775),
(3771, 2, 77776),
(3773, 2, 75756),
(3773, 1, 75824),
(3773, 2, 75858),
(3773, 2, 75892),
(3773, 2, 76099),
(3773, 3, 77834),
(3776, 2, 75755),
(3776, 1, 75760),
(3776, 2, 75789),
(3776, 1, 75823),
(3776, 2, 75857),
(3776, 2, 75891),
(3776, 2, 75930),
(3776, 1, 75998),
(3776, 2, 76032),
(3779, 2, 74389),
(3779, 1, 74424),
(3779, 2, 74459),
(3779, 2, 74494),
(3779, 2, 74529),
(3779, 2, 76304),
(3780, 3, 75242),
(3780, 2, 75271),
(3780, 2, 75386),
(3780, 2, 75471),
(3780, 2, 75562),
(3780, 2, 75591),
(3780, 1.5, 75676),
(3780, 1.5, 75678),
(3780, 1.5, 75708),
(3780, 2, 78509),
(3783, 3, 75234),
(3783, 3, 75236),
(3783, 2, 75263),
(3783, 2, 75296),
(3783, 2, 75325),
(3783, 1, 75390),
(3783, 2, 75471),
(3783, 1, 75586),
(3783, 1.5, 75676),
(3785, 3, 75150),
(3785, 2, 75896),
(3785, 2, 75955),
(3785, 2, 76057),
(3785, 2, 76091),
(3785, 2, 76125),
(3785, 2, 76133),
(3785, 2, 76156),
(3785, 2, 76195),
(3785, 2, 78734),
(3786, 2, 74402),
(3786, 1, 74437),
(3786, 2, 74472),
(3786, 2, 74507),
(3786, 3, 74566),
(3786, 2, 74601),
(3786, 2, 74636),
(3786, 2, 76299),
(3786, 2, 77214),
(3787, 3, 75242),
(3787, 4, 75262),
(3787, 2, 75271),
(3787, 2, 75296),
(3787, 1, 75302),
(3787, 2, 75325),
(3787, 1, 75331),
(3787, 2, 75383),
(3787, 2, 75436),
(3787, 2, 75441),
(3787, 2, 75465),
(3787, 2, 75470),
(3787, 2, 75471),
(3787, 2, 75522),
(3787, 2, 75526),
(3787, 2, 75555),
(3787, 2, 75584),
(3787, 2, 75621),
(3787, 1.5, 75670),
(3787, 1.5, 75675),
(3787, 1.5, 75676),
(3787, 2, 75701),
(3787, 2, 76886),
(3787, 2, 77730),
(3787, 1, 77731),
(3788, 2, 75224),
(3788, 3, 75234),
(3788, 1, 75241),
(3788, 0.5, 75299),
(3788, 1, 75328),
(3788, 2, 75378),
(3788, 1, 75379),
(3788, 2, 75383),
(3788, 2, 75389),
(3788, 2, 75390),
(3788, 2, 75447),
(3788, 2, 75448),
(3788, 2, 75464),
(3788, 2, 75471),
(3788, 1, 75527),
(3788, 1.5, 75676),
(3789, 2, 75890),
(3789, 2, 75960),
(3789, 1, 75994),
(3789, 2, 76028),
(3789, 2, 76062),
(3789, 2, 76121),
(3789, 2, 76125),
(3789, 2, 76152),
(3789, 2, 76156),
(3789, 2, 76190),
(3789, 2, 76214),
(3789, 2, 76264),
(3789, 2, 76266),
(3789, 2, 78734),
(3795, 1, 75300),
(3795, 1, 75329),
(3795, 2, 75381),
(3795, 2, 75387),
(3795, 2, 75468),
(3795, 2, 75471),
(3795, 2, 75530),
(3795, 2, 75556),
(3795, 2, 75562),
(3795, 2, 75585),
(3795, 1, 75586),
(3795, 2, 75588),
(3795, 2, 75591),
(3795, 4, 75658),
(3795, 2, 75673),
(3795, 1.5, 75676),
(3795, 1.5, 75679),
(3795, 1.5, 75702),
(3795, 1.5, 75705),
(3795, 1.5, 75708),
(3795, 2, 77770),
(3795, 2, 78510),
(3796, 3, 75234),
(3796, 1, 75236),
(3796, 3, 75237),
(3796, 2, 75245),
(3796, 2, 75263),
(3796, 2, 75269),
(3796, 1, 75300),
(3796, 1, 75329),
(3796, 2, 75385),
(3796, 2, 75386),
(3796, 2, 75389),
(3796, 2, 75471),
(3796, 1, 75529),
(3796, 2, 75579),
(3796, 2, 75593),
(3796, 4, 75637),
(3796, 1.5, 75676),
(3796, 2, 75710),
(3798, 3, 76537),
(3798, 2, 76626),
(3798, 3, 76658),
(3798, 2, 76693),
(3798, 2, 76754),
(3798, 2, 76759),
(3798, 0.5, 76763),
(3798, 3, 76791),
(3798, 2, 77288),
(3798, 3, 77289),
(3798, 2, 77290),
(3799, 2, 76818),
(3799, 2, 77507),
(3799, 1, 77586),
(3799, 1, 77587),
(3799, 4, 77614),
(3800, 2, 76266),
(3801, 3, 75234),
(3801, 2, 75263),
(3801, 1, 75302),
(3801, 1, 75331),
(3801, 1, 75408),
(3801, 2, 75471),
(3801, 2, 75525),
(3801, 2, 75621),
(3801, 1, 75655),
(3801, 1.5, 75676),
(3801, 2, 76863),
(3802, 1, 75302),
(3802, 1, 75331),
(3802, 2, 75416),
(3802, 2, 75471),
(3802, 2, 75532),
(3802, 2, 75561),
(3802, 2, 75590),
(3802, 2, 75614),
(3802, 2, 75621),
(3802, 1.5, 75676),
(3802, 1.5, 75679),
(3802, 1.5, 75707),
(3802, 2, 77862),
(3802, 2, 78510),
(3803, 1, 75216),
(3803, 3, 75245),
(3803, 2, 75274),
(3803, 2, 75409),
(3803, 2, 75438),
(3803, 2, 75467),
(3803, 2, 75471),
(3803, 2, 75527),
(3803, 2, 75556),
(3803, 2, 75579),
(3803, 2, 75593),
(3803, 1.5, 75672),
(3803, 1.5, 75676),
(3803, 2, 75710),
(3803, 2, 77730),
(3804, 2, 76632),
(3804, 3, 76662),
(3804, 2, 77296),
(3804, 2, 77774),
(3804, 2, 77775),
(3805, 2, 77186),
(3805, 3, 77655),
(3805, 3, 77667),
(3813, 2, 74464),
(3813, 2, 74494),
(3813, 2, 74529),
(3813, 3, 74564),
(3813, 2, 74599),
(3813, 2, 74634),
(3813, 2, 76297),
(3813, 2, 77186),
(3813, 2, 77262),
(3814, 2, 74502),
(3814, 2, 77187),
(3814, 2, 77240),
(3814, 2, 77263),
(3814, 2, 77995),
(3817, 2, 75217),
(3817, 3, 75234),
(3817, 3, 75235),
(3817, 1, 75240),
(3817, 2, 75263),
(3817, 2, 75264),
(3817, 2, 75381),
(3817, 2, 75383),
(3817, 2, 75387),
(3817, 2, 75390),
(3817, 2, 75448),
(3817, 2, 75471),
(3817, 2, 75522),
(3817, 2, 75532),
(3817, 2, 75534),
(3817, 2, 75561),
(3817, 2, 75563),
(3817, 2, 75579),
(3817, 2, 75593),
(3817, 2, 75622),
(3817, 0.75, 75638),
(3817, 2, 75665),
(3817, 1.5, 75676),
(3817, 2, 75710),
(3817, 2, 75725),
(3817, 2, 76886),
(3817, 2, 77770),
(3818, 3, 75234),
(3818, 3, 75244),
(3818, 2, 75263),
(3818, 2, 75273),
(3818, 1, 75302),
(3818, 1, 75331),
(3818, 2, 75382),
(3818, 2, 75471),
(3818, 2, 75525),
(3818, 2, 75621),
(3818, 0.5, 75657),
(3818, 1.5, 75676),
(3819, 2, 75224),
(3819, 3, 75234),
(3819, 1, 75242),
(3819, 3, 75244),
(3819, 2, 75263),
(3819, 2, 75273),
(3819, 1, 75328),
(3819, 2, 75471),
(3819, 2, 75525),
(3819, 2, 75579),
(3819, 4, 75657),
(3819, 2, 75673),
(3819, 1.5, 75676),
(3819, 3, 77729),
(3820, 2, 78734),
(3821, 3, 76537),
(3821, 2, 76631),
(3821, 2, 76632),
(3821, 2, 76633),
(3821, 2, 76634),
(3821, 2, 76635),
(3821, 2, 76636),
(3821, 2, 76637),
(3821, 3, 76662),
(3821, 3, 76663),
(3821, 3, 76665),
(3821, 3, 76666),
(3821, 3, 76667),
(3821, 3, 76668),
(3821, 3, 76669),
(3821, 2, 76693),
(3821, 2, 76695),
(3821, 2, 76697),
(3821, 2, 76699),
(3821, 2, 76758),
(3821, 2, 76759),
(3821, 2, 76760),
(3821, 2, 76761),
(3821, 5, 76762),
(3821, 2, 76763),
(3821, 5, 76764),
(3821, 3, 76788),
(3821, 3, 76789),
(3821, 3, 76790),
(3821, 3, 76791),
(3821, 3, 76792),
(3821, 2, 77295),
(3821, 2, 77296),
(3821, 2, 77297),
(3821, 2, 77298),
(3821, 2, 77299),
(3821, 2, 77300),
(3821, 2, 77301),
(3821, 2, 77773),
(3821, 2, 77775),
(3821, 2, 77776),
(3821, 3, 77784),
(3821, 2, 77785),
(3821, 2, 77786),
(3821, 3, 77787),
(3821, 2, 77788),
(3821, 3, 77789),
(3821, 2, 78471),
(3821, 3, 78474),
(3821, 3, 78574),
(3822, 1, 76452),
(3822, 4, 76453),
(3822, 3, 76536),
(3822, 2, 76568),
(3822, 2, 77099),
(3822, 2, 77100),
(3822, 1, 77101),
(3822, 5, 77340),
(3822, 1, 77500),
(3822, 1, 77503),
(3822, 1, 77505),
(3822, 1, 77507),
(3822, 1, 77508),
(3822, 1, 77585),
(3822, 1, 77996),
(3822, 2, 78469),
(3823, 4, 76819),
(3823, 2, 77056),
(3823, 3, 77058),
(3823, 1, 77060),
(3823, 4, 77061),
(3823, 2, 77091),
(3823, 1, 77336),
(3823, 4, 77337),
(3823, 1, 77613),
(3825, 2, 74398),
(3825, 1, 74433),
(3825, 2, 74502),
(3825, 3, 74573),
(3825, 2, 74608),
(3825, 2, 74643),
(3825, 2, 76306),
(3825, 2, 77210),
(3825, 2, 77995),
(3827, 2, 75760),
(3827, 2, 75794),
(3827, 2, 75862),
(3827, 2, 75896),
(3827, 2, 75929),
(3827, 1, 75997),
(3827, 2, 76031),
(3827, 2, 76065),
(3827, 2, 76099),
(3830, 1, 76131),
(3832, 2, 74460),
(3832, 2, 74469),
(3832, 2, 74470),
(3832, 2, 74504),
(3832, 2, 74505),
(3832, 2, 74644),
(3832, 2, 76307),
(3832, 3, 76447),
(3832, 2, 76829),
(3832, 2, 77182),
(3832, 2, 77235),
(3833, 2, 75410),
(3833, 2, 75412),
(3833, 2, 75419),
(3833, 2, 75448),
(3833, 2, 75471),
(3833, 4, 75657),
(3833, 1.5, 75676),
(3833, 1, 76886),
(3835, 4, 75216),
(3835, 3, 75235),
(3835, 2, 75264),
(3835, 2, 75410),
(3835, 2, 75471),
(3835, 2, 75531),
(3835, 2, 75560),
(3835, 4, 75657),
(3835, 1.5, 75676),
(3836, 3, 76537),
(3836, 2, 76633),
(3836, 2, 76763),
(3836, 2, 77297),
(3838, 3, 75150),
(3838, 2, 75964),
(3838, 2, 76032),
(3838, 2, 76066),
(3838, 2, 77490),
(3842, 2, 76627),
(3842, 2, 76632),
(3842, 2, 76636),
(3842, 3, 76659),
(3842, 3, 76668),
(3842, 2, 76691),
(3842, 2, 76758),
(3842, 3, 76790),
(3842, 2, 77291),
(3842, 2, 77293),
(3842, 2, 77296),
(3842, 2, 77300),
(3842, 2, 77776),
(3842, 3, 78474),
(3843, 2, 75749),
(3843, 1, 75751),
(3843, 2, 75783),
(3843, 3, 75851),
(3843, 2, 75885),
(3843, 2, 75963),
(3843, 1, 75997),
(3843, 2, 76031),
(3843, 2, 76065),
(3843, 2, 76099),
(3844, 4, 75153),
(3844, 2, 75154),
(3844, 1, 75156),
(3844, 3, 75157),
(3844, 1, 77336),
(3844, 4, 77337),
(3844, 2, 77338),
(3844, 2, 77339),
(3844, 5, 77340),
(3844, 2, 77499),
(3844, 2, 77507),
(3844, 2, 77527),
(3844, 2, 77530),
(3844, 2, 77535),
(3844, 3, 77555),
(3844, 3, 77563),
(3844, 1, 77583),
(3844, 4, 77611),
(3844, 2, 77996),
(3845, 2, 75930),
(3845, 1, 75998),
(3845, 2, 76032),
(3845, 2, 77490),
(3847, 1, 77588),
(3847, 4, 77616),
(3850, 2, 76266),
(3850, 2, 78734),
(3851, 4, 75153),
(3851, 1, 76452),
(3851, 1, 76824),
(3851, 4, 76825),
(3851, 1, 77060),
(3851, 4, 77061),
(3851, 2, 77099),
(3851, 2, 77100),
(3851, 1, 77101),
(3851, 4, 77178),
(3851, 1, 77336),
(3851, 4, 77337),
(3851, 2, 77338),
(3851, 2, 77339),
(3851, 5, 77340),
(3851, 4, 77344),
(3851, 2, 77499),
(3851, 2, 77500),
(3851, 2, 77506),
(3851, 2, 77507),
(3851, 1, 77508),
(3851, 2, 77527),
(3851, 2, 77528),
(3851, 2, 77530),
(3851, 2, 77535),
(3851, 3, 77555),
(3851, 3, 77557),
(3851, 3, 77558),
(3851, 3, 77563),
(3851, 1, 77583),
(3851, 1, 77585),
(3851, 1, 77586),
(3851, 1, 77588),
(3851, 4, 77611),
(3851, 3, 77612),
(3851, 4, 77613),
(3851, 4, 77614),
(3851, 4, 77616),
(3851, 4, 77618),
(3851, 2, 77641),
(3851, 2, 77652),
(3851, 1.5, 77686),
(3851, 2, 77689),
(3851, 2, 77690),
(3851, 2, 77691),
(3851, 2, 77692),
(3851, 2, 77894),
(3851, 2, 77996),
(3851, 1, 78585),
(3852, 2, 74381),
(3852, 2, 74382),
(3852, 2, 74465),
(3852, 2, 74471),
(3852, 2, 74472),
(3852, 2, 74473),
(3852, 2, 74474),
(3852, 2, 74498),
(3852, 2, 74500),
(3852, 2, 74502),
(3852, 2, 74505),
(3852, 2, 74506),
(3852, 2, 74507),
(3852, 2, 74508),
(3852, 2, 74509),
(3852, 3, 74568),
(3852, 3, 74573),
(3852, 3, 74574),
(3852, 3, 74575),
(3852, 3, 74576),
(3852, 3, 74577),
(3852, 3, 74579),
(3852, 2, 74603),
(3852, 2, 74608),
(3852, 2, 74609),
(3852, 2, 74610),
(3852, 2, 74611),
(3852, 2, 74613),
(3852, 2, 74638),
(3852, 2, 74643),
(3852, 2, 74644),
(3852, 2, 74645),
(3852, 2, 74646),
(3852, 2, 74647),
(3852, 2, 74648),
(3852, 2, 76301),
(3852, 2, 76306),
(3852, 2, 76307),
(3852, 2, 76308),
(3852, 2, 76309),
(3852, 2, 76310),
(3852, 2, 76311),
(3852, 2, 76829),
(3852, 2, 77042),
(3852, 2, 77185),
(3852, 2, 77186),
(3852, 2, 77187),
(3852, 2, 77188),
(3852, 2, 77189),
(3852, 2, 77191),
(3852, 2, 77192),
(3852, 2, 77240),
(3852, 2, 77241),
(3852, 2, 77242),
(3852, 2, 77244),
(3852, 2, 77261),
(3852, 2, 77262),
(3852, 2, 77263),
(3852, 2, 77264),
(3852, 2, 77265),
(3852, 2, 77266),
(3852, 2, 77267),
(3852, 2, 77268),
(3852, 3, 77667),
(3852, 2, 77668),
(3852, 1.5, 77669),
(3852, 2, 77670),
(3852, 2, 77671),
(3852, 3, 77673),
(3852, 2, 77674),
(3852, 2, 77995),
(3852, 2, 78008),
(3852, 2, 78586),
(3852, 1, 78697),
(3856, 2, 74401),
(3856, 2, 74402),
(3856, 2, 74403),
(3856, 2, 74404),
(3856, 1, 74436),
(3856, 1, 74437),
(3856, 1, 74438),
(3856, 1, 74439),
(3856, 2, 74471),
(3856, 2, 74472),
(3856, 2, 74473),
(3856, 2, 74474),
(3856, 2, 74506),
(3856, 2, 74507),
(3856, 2, 74508),
(3856, 2, 74509),
(3856, 3, 74566),
(3856, 3, 74576),
(3856, 3, 74577),
(3856, 3, 74579),
(3856, 2, 74601),
(3856, 2, 74611),
(3856, 2, 74612),
(3856, 2, 74613),
(3856, 2, 74636),
(3856, 2, 74646),
(3856, 2, 74647),
(3856, 2, 74648),
(3856, 2, 76299),
(3856, 2, 76309),
(3856, 2, 76310),
(3856, 2, 76311),
(3856, 2, 77214),
(3856, 2, 77215),
(3856, 2, 77216),
(3856, 2, 77233),
(3856, 3, 77673),
(3856, 2, 77674),
(3856, 2, 78008),
(3856, 1, 78697),
(3858, 2, 75961),
(3858, 2, 76235),
(3858, 2, 76266),
(3858, 2, 78734),
(3859, 2, 75738),
(3859, 2, 75739),
(3859, 2, 75884),
(3859, 2, 75890),
(3859, 2, 75916),
(3859, 2, 75919),
(3859, 2, 75922),
(3859, 2, 75928),
(3859, 1, 75990),
(3859, 1, 75996),
(3859, 2, 76030),
(3859, 2, 76064),
(3859, 2, 76122),
(3859, 2, 76123),
(3859, 2, 76131),
(3859, 1, 76132),
(3859, 2, 76133),
(3859, 2, 76153),
(3859, 2, 76154),
(3859, 2, 76162),
(3859, 2, 76184),
(3859, 2, 76190),
(3859, 2, 76191),
(3859, 1, 76192),
(3859, 2, 76238),
(3859, 2, 76239),
(3859, 2, 76266),
(3859, 3, 76288),
(3859, 4.5, 76412),
(3859, 2, 78713),
(3860, 2, 75376),
(3860, 2, 75434),
(3860, 2, 75535),
(3860, 2, 75564),
(3860, 2, 75593),
(3860, 2, 75710),
(3861, 4, 75153),
(3861, 2, 76816),
(3861, 2, 76830),
(3861, 1, 77337),
(3861, 1, 77338),
(3861, 3, 77557),
(3861, 4, 77613),
(3864, 1, 75229),
(3864, 1, 75234),
(3864, 3, 75240),
(3864, 3, 75244),
(3864, 3, 75245),
(3864, 2, 75273),
(3864, 2, 75416),
(3864, 1.5, 75696),
(3864, 4.5, 76413),
(3865, 2, 75221),
(3865, 2, 75223),
(3865, 3, 75234),
(3865, 3, 75242),
(3865, 3, 75245),
(3865, 2, 75274),
(3865, 2, 75296),
(3865, 0.5, 75299),
(3865, 2, 75325),
(3865, 1, 75328),
(3865, 2, 75378),
(3865, 2, 75386),
(3865, 2, 75387),
(3865, 2, 75389),
(3865, 0.5, 75390),
(3865, 2, 75471),
(3865, 2, 75521),
(3865, 2, 75524),
(3865, 2, 75526),
(3865, 2, 75535),
(3865, 2, 75550),
(3865, 2, 75553),
(3865, 2, 75564),
(3865, 2, 75579),
(3865, 2, 75589),
(3865, 4, 75642),
(3865, 1.5, 75667),
(3865, 1.5, 75676),
(3865, 1.5, 75697),
(3865, 2, 77730),
(3865, 1, 77731),
(3865, 2, 78509),
(3866, 3, 74574),
(3866, 2, 74609),
(3866, 2, 74644),
(3866, 2, 76307),
(3866, 2, 77186),
(3866, 2, 77188),
(3866, 2, 77241),
(3866, 2, 77262),
(3867, 2, 75894),
(3867, 2, 76193),
(3867, 2, 76239),
(3867, 2, 76266),
(3867, 2, 78734),
(3868, 2, 74474),
(3868, 2, 74509),
(3868, 3, 74579),
(3868, 2, 77186),
(3868, 2, 77192),
(3868, 2, 77245),
(3868, 2, 77268),
(3874, 2, 76450),
(3874, 1, 76452),
(3874, 4, 76453),
(3874, 2, 76818),
(3874, 1, 76824),
(3874, 4, 76825),
(3874, 2, 77056),
(3874, 3, 77058),
(3874, 2, 77091),
(3874, 1, 77099),
(3874, 1, 77503),
(3874, 2, 77504),
(3874, 2, 77528),
(3874, 2, 77530),
(3874, 2, 77536),
(3874, 1, 77585),
(3874, 1, 77588),
(3874, 2, 77641),
(3874, 1, 78585),
(3875, 2, 75896),
(3875, 2, 76120),
(3875, 1, 76131),
(3875, 2, 76151),
(3875, 2, 76195),
(3875, 2, 76266),
(3875, 2, 78734),
(3876, 2, 74470),
(3876, 2, 74505),
(3876, 2, 74509),
(3876, 3, 74575),
(3876, 2, 74610),
(3876, 2, 74645),
(3876, 2, 76308),
(3876, 2, 77186),
(3876, 2, 77189),
(3876, 2, 77242),
(3876, 2, 77265),
(3877, 1, 75991),
(3877, 2, 76025),
(3877, 2, 76059),
(3877, 2, 76093),
(3880, 3, 74576),
(3880, 2, 74611),
(3880, 2, 76992),
(3880, 2, 77042),
(3880, 2, 77186),
(3880, 2, 77262),
(3881, 2, 74474),
(3881, 2, 74509),
(3881, 3, 74576),
(3881, 3, 74579),
(3881, 2, 74613),
(3881, 2, 74643),
(3881, 2, 74648),
(3881, 2, 76306),
(3881, 2, 76311),
(3881, 2, 77186),
(3881, 2, 77192),
(3881, 2, 77245),
(3881, 2, 77262),
(3881, 2, 77268),
(3881, 2, 78008),
(3881, 1, 78697),
(3883, 3, 76665),
(3883, 2, 76697),
(3884, 2, 75224),
(3884, 3, 75232),
(3884, 3, 75235),
(3884, 3, 75237),
(3884, 3, 75245),
(3884, 2, 75261),
(3884, 2, 75264),
(3884, 2, 75266),
(3884, 2, 75274),
(3884, 1, 75303),
(3884, 1, 75332),
(3884, 2, 75376),
(3884, 2, 75378),
(3884, 2, 75385),
(3884, 2, 75386),
(3884, 2, 75388),
(3884, 2, 75434),
(3884, 2, 75463),
(3884, 2, 75471),
(3884, 2, 75521),
(3884, 2, 75531),
(3884, 2, 75550),
(3884, 2, 75560),
(3884, 2, 75579),
(3884, 2, 75589),
(3884, 2, 75614),
(3884, 2, 75622),
(3884, 4, 75637),
(3884, 4, 75638),
(3884, 4, 75642),
(3884, 1.5, 75668),
(3884, 1.5, 75676),
(3884, 1.5, 75678),
(3884, 1.5, 75680),
(3884, 1.5, 75697),
(3884, 1.5, 75706),
(3884, 2, 76863),
(3884, 2, 77862),
(3884, 2, 78509),
(3885, 1, 76818),
(3892, 1, 75184),
(3892, 2, 75889),
(3892, 2, 75893),
(3892, 1, 75918),
(3892, 2, 75923),
(3892, 2, 75925),
(3892, 1, 75928),
(3892, 1, 75929),
(3892, 1, 75991),
(3892, 2, 76025),
(3892, 2, 76120),
(3892, 1, 76124),
(3892, 2, 76126),
(3892, 2, 76127),
(3892, 2, 76129),
(3892, 2, 76131),
(3892, 2, 76133),
(3892, 2, 76151),
(3892, 2, 76157),
(3892, 2, 76158),
(3892, 2, 76160),
(3892, 2, 76162),
(3892, 2, 76189),
(3892, 2, 76192),
(3892, 2, 76213),
(3892, 2, 76215),
(3892, 2, 76237),
(3892, 2, 76239),
(3892, 2, 76263),
(3892, 2, 76265),
(3892, 2, 76266),
(3892, 2, 76289),
(3892, 2, 78713),
(3896, 2, 75883),
(3896, 2, 75896),
(3896, 2, 75961),
(3896, 2, 75964),
(3896, 1, 75991),
(3896, 1, 75995),
(3896, 1, 75998),
(3896, 2, 76025),
(3896, 2, 76029),
(3896, 2, 76032),
(3896, 2, 76059),
(3896, 2, 76063),
(3896, 2, 76066),
(3896, 2, 76093),
(3896, 2, 76097),
(3896, 1, 76131),
(3896, 2, 76133),
(3896, 2, 76183),
(3896, 1, 76186),
(3896, 2, 76195),
(3896, 2, 76219),
(3896, 2, 76234),
(3896, 2, 76271),
(3896, 3, 77834),
(3896, 2, 78713),
(3896, 2, 78734),
(3897, 3, 76537),
(3897, 2, 76758),
(3897, 5, 76762),
(3897, 3, 76790),
(3897, 2, 78471),
(3898, 3, 75235),
(3898, 3, 75243),
(3898, 3, 75245),
(3898, 2, 75264),
(3898, 2, 75272),
(3898, 2, 75274),
(3898, 2, 75471),
(3898, 1.5, 75676),
(3903, 2, 77186),
(3904, 2, 74460),
(3904, 2, 74463),
(3904, 2, 74464),
(3904, 2, 74465),
(3904, 2, 74472),
(3904, 2, 74473),
(3904, 2, 74474),
(3904, 2, 74495),
(3904, 2, 74499),
(3904, 2, 74500),
(3904, 2, 74506),
(3904, 2, 74507),
(3904, 2, 74509),
(3904, 2, 74530),
(3904, 3, 74565),
(3904, 3, 74569),
(3904, 3, 74572),
(3904, 3, 74573),
(3904, 3, 74574),
(3904, 3, 74575),
(3904, 3, 74577),
(3904, 2, 74600),
(3904, 2, 74604),
(3904, 2, 74608),
(3904, 2, 74609),
(3904, 2, 74610),
(3904, 2, 74613),
(3904, 2, 74639),
(3904, 2, 74644),
(3904, 2, 74645),
(3904, 2, 74647),
(3904, 2, 76302),
(3904, 2, 76307),
(3904, 2, 76308),
(3904, 2, 76310),
(3904, 2, 76448),
(3904, 2, 76449),
(3904, 4, 76826),
(3904, 2, 76829),
(3904, 2, 77186),
(3904, 2, 77237),
(3904, 2, 77260),
(3904, 1, 77267),
(3904, 2, 77994),
(3904, 2, 77995),
(3904, 2, 78008),
(3904, 1, 78697),
(3905, 2, 75224),
(3905, 3, 75234),
(3905, 3, 75240),
(3905, 4, 75241),
(3905, 1, 75242),
(3905, 3, 75243),
(3905, 2, 75263),
(3905, 2, 75272),
(3905, 1, 75299),
(3905, 1, 75300),
(3905, 1, 75328),
(3905, 2, 75471),
(3905, 2, 75530),
(3905, 2, 75532),
(3905, 2, 75535),
(3905, 2, 75559),
(3905, 2, 75561),
(3905, 2, 75564),
(3905, 2, 75579),
(3905, 2, 75590),
(3905, 2, 75593),
(3905, 2, 75618),
(3905, 2, 75619),
(3905, 4, 75651),
(3905, 4, 75653),
(3905, 4, 75654),
(3905, 4, 75657),
(3905, 4, 75658),
(3905, 1.5, 75676),
(3905, 1.5, 75707),
(3905, 2, 75710),
(3905, 3, 77729),
(3906, 3, 76537),
(3906, 2, 76633),
(3906, 2, 76634),
(3906, 2, 76635),
(3906, 2, 76636),
(3906, 3, 76662),
(3906, 2, 76693),
(3906, 1, 76753),
(3906, 2, 76758),
(3906, 5, 76762),
(3906, 3, 76790),
(3906, 2, 77292),
(3906, 2, 77296),
(3906, 2, 77297),
(3906, 2, 77298),
(3906, 2, 77299),
(3906, 2, 77300),
(3906, 2, 77775),
(3906, 2, 77776),
(3906, 2, 78471),
(3906, 3, 78474),
(3907, 2, 74392),
(3907, 1, 74404),
(3907, 1, 74427),
(3907, 2, 74462),
(3907, 2, 74497),
(3907, 2, 74499),
(3907, 2, 74532),
(3907, 3, 74566),
(3907, 3, 74567),
(3907, 3, 74579),
(3907, 2, 74601),
(3907, 2, 74602),
(3907, 2, 74636),
(3907, 2, 74637),
(3907, 2, 76299),
(3907, 2, 76300),
(3908, 2, 74499),
(3908, 2, 77207),
(3910, 1, 75156),
(3910, 1, 77101),
(3910, 2, 77503),
(3910, 2, 77506),
(3910, 2, 77528),
(3910, 2, 77531),
(3910, 2, 77534),
(3910, 1, 77585),
(3910, 4, 77613),
(3910, 2, 77692),
(3912, 1, 75751),
(3912, 2, 75755),
(3912, 2, 75756),
(3912, 2, 75789),
(3912, 2, 75790),
(3912, 1, 75823),
(3912, 1, 75824),
(3912, 1, 75828),
(3912, 2, 75857),
(3912, 2, 75858),
(3912, 2, 75891),
(3912, 2, 75892),
(3912, 2, 75961),
(3912, 2, 75964),
(3912, 1, 75995),
(3912, 1, 75997),
(3912, 1, 75998),
(3912, 2, 76029),
(3912, 2, 76031),
(3912, 2, 76032),
(3912, 2, 76063),
(3912, 2, 76065),
(3912, 2, 76066),
(3912, 2, 76097),
(3912, 2, 76099),
(3912, 2, 77490),
(3915, 2, 76066),
(3916, 3, 76537),
(3916, 2, 76593),
(3916, 2, 76625),
(3916, 2, 76627),
(3916, 2, 76631),
(3916, 2, 76632),
(3916, 2, 76633),
(3916, 2, 76634),
(3916, 2, 76635),
(3916, 2, 76636),
(3916, 2, 76637),
(3916, 3, 76657),
(3916, 3, 76659),
(3916, 3, 76662),
(3916, 3, 76663),
(3916, 3, 76665),
(3916, 3, 76666),
(3916, 3, 76667),
(3916, 3, 76668),
(3916, 3, 76669),
(3916, 2, 76691),
(3916, 2, 76693),
(3916, 2, 76695),
(3916, 2, 76697),
(3916, 2, 76699),
(3916, 1, 76753),
(3916, 2, 76758),
(3916, 2, 76759),
(3916, 2, 76761),
(3916, 5, 76762),
(3916, 2, 76763),
(3916, 5, 76764),
(3916, 3, 76789),
(3916, 3, 76790),
(3916, 3, 76791),
(3916, 2, 77291),
(3916, 2, 77293),
(3916, 2, 77295),
(3916, 2, 77296),
(3916, 2, 77297),
(3916, 2, 77298),
(3916, 2, 77299),
(3916, 2, 77300),
(3916, 2, 77301),
(3916, 1.5, 77772),
(3916, 2, 77773),
(3916, 2, 77774),
(3916, 2, 77775),
(3916, 2, 77776),
(3916, 2, 77785),
(3916, 2, 77786),
(3916, 3, 77787),
(3916, 3, 77789),
(3916, 2, 77881),
(3916, 2, 78471),
(3916, 3, 78474),
(3916, 3, 78574),
(3918, 3, 75149),
(3918, 2, 75171),
(3918, 2, 75172),
(3918, 2, 75173),
(3918, 3, 75174),
(3918, 2, 75175),
(3918, 3, 75215),
(3918, 2, 76522),
(3918, 2, 76523),
(3918, 2, 76525),
(3918, 3, 76527),
(3918, 3, 76537),
(3918, 2, 76627),
(3918, 2, 76637),
(3918, 3, 76659),
(3918, 2, 76691),
(3918, 1, 76753),
(3918, 1, 76754),
(3918, 2, 76759),
(3918, 2, 77291),
(3918, 2, 77295),
(3918, 2, 77299),
(3918, 2, 77301),
(3920, 2, 76628),
(3920, 2, 76636),
(3920, 3, 76662),
(3920, 3, 76668),
(3920, 2, 76756),
(3920, 2, 76758),
(3920, 2, 76760),
(3920, 2, 76763),
(3920, 5, 76764),
(3920, 3, 76788),
(3920, 3, 76790),
(3920, 3, 76792),
(3920, 2, 77292),
(3920, 2, 77300),
(3920, 2, 77774),
(3920, 2, 77775),
(3920, 2, 77776),
(3920, 3, 77873),
(3922, 1, 77101),
(3922, 4, 77178),
(3922, 2, 77499),
(3922, 2, 77527),
(3922, 3, 77555),
(3922, 1, 77583),
(3922, 4, 77611),
(3922, 4, 77618),
(3927, 1, 76816),
(3927, 2, 76818),
(3927, 2, 77178),
(3927, 2, 77507),
(3927, 2, 77535),
(3927, 0.25, 77613),
(3932, 3, 76792),
(3933, 2, 74389),
(3933, 2, 74402),
(3933, 1, 74424),
(3933, 2, 74459),
(3933, 2, 74494),
(3933, 2, 74529),
(3935, 2, 74404),
(3935, 1, 74439),
(3935, 2, 74474),
(3935, 2, 74509),
(3935, 3, 74579),
(3935, 2, 77216),
(3936, 3, 75150),
(3936, 2, 75925),
(3936, 2, 76063),
(3936, 2, 76097),
(3936, 2, 76124),
(3936, 1, 76131),
(3936, 2, 76133),
(3936, 2, 76155),
(3936, 1, 76217),
(3936, 2, 76218),
(3936, 1, 76239),
(3936, 2, 76289),
(3936, 2, 77807),
(3936, 2, 77835),
(3936, 2, 78713),
(3937, 2, 77056),
(3937, 3, 77058),
(3937, 2, 77091),
(3937, 2, 77506),
(3937, 2, 77528),
(3937, 2, 77534),
(3937, 3, 77560),
(3937, 5, 77562),
(3937, 1, 77589),
(3937, 2, 77617),
(3937, 4, 77618),
(3937, 2, 77639),
(3937, 2, 77641),
(3938, 2, 75164),
(3938, 3, 75235),
(3938, 2, 75237),
(3938, 4, 75241),
(3938, 1, 75244),
(3938, 2, 75264),
(3938, 1, 75300),
(3938, 1, 75329),
(3938, 2, 75410),
(3938, 2, 75416),
(3938, 2, 75471),
(3938, 2, 75532),
(3938, 2, 75561),
(3938, 1, 75586),
(3938, 2, 75590),
(3938, 2, 75592),
(3938, 2, 75619),
(3938, 1.5, 75666),
(3938, 1.5, 75676),
(3938, 1.5, 75679),
(3938, 1.5, 75707),
(3938, 1, 77729),
(3938, 2, 78510),
(3940, 3, 75176),
(3940, 2, 76331),
(3940, 2, 76631),
(3940, 2, 76637),
(3940, 3, 76662),
(3940, 3, 76663),
(3940, 3, 76669),
(3940, 2, 76693),
(3940, 2, 76695),
(3940, 2, 76697),
(3940, 2, 76758),
(3940, 2, 76760),
(3940, 3, 76789),
(3940, 3, 76790),
(3940, 3, 76792),
(3940, 2, 77293),
(3940, 2, 77295),
(3940, 2, 77296),
(3940, 2, 77297),
(3940, 2, 77301),
(3940, 2, 77774),
(3940, 2, 77775),
(3940, 2, 77776),
(3940, 2, 78471),
(3940, 3, 78474),
(3940, 3, 78574),
(3941, 2, 76626),
(3941, 3, 76658),
(3941, 2, 76753),
(3941, 2, 76754),
(3941, 2, 76759),
(3941, 5, 76762),
(3941, 3, 76791),
(3941, 3, 77043),
(3941, 2, 77288),
(3941, 3, 77289),
(3941, 2, 77290),
(3943, 2, 75171),
(3943, 2, 75172),
(3943, 3, 75174),
(3943, 2, 75175),
(3945, 2, 76342),
(3945, 3, 76343),
(3945, 2, 76631),
(3945, 3, 76663),
(3945, 2, 76693),
(3945, 2, 76695),
(3945, 2, 76759),
(3945, 3, 76789),
(3945, 3, 76791),
(3945, 2, 77293),
(3945, 2, 77295),
(3945, 1.5, 77772),
(3945, 2, 77773),
(3945, 2, 77881),
(3947, 2, 74472),
(3947, 2, 74507),
(3947, 3, 74576),
(3947, 3, 74577),
(3947, 2, 74611),
(3947, 2, 74646),
(3947, 2, 74647),
(3947, 2, 76309),
(3947, 2, 76310),
(3947, 2, 77186),
(3947, 2, 77190),
(3947, 2, 77260),
(3947, 2, 77262),
(3947, 2, 77266),
(3947, 3, 77655),
(3948, 2, 75759),
(3948, 2, 75793),
(3948, 2, 75861),
(3948, 2, 77490),
(3948, 2, 78714),
(3951, 1, 76452),
(3951, 4, 76453),
(3952, 2, 76633),
(3952, 3, 76665),
(3952, 2, 76697),
(3952, 2, 76760),
(3952, 2, 76761),
(3952, 2, 77297),
(3952, 3, 78574),
(3954, 2, 76450),
(3954, 2, 77507),
(3954, 2, 77535),
(3954, 3, 77563),
(3954, 4, 77619),
(3955, 1, 76816),
(3955, 1, 77099),
(3955, 2, 77504),
(3955, 2, 77505),
(3955, 2, 77507),
(3955, 2, 77532),
(3955, 2, 77536),
(3955, 3, 77560),
(3955, 1, 77588),
(3955, 4, 77616),
(3955, 2, 77639),
(3956, 1, 76337),
(3956, 2, 76634),
(3956, 3, 76666),
(3956, 2, 76697),
(3956, 2, 77298),
(3957, 2, 75760),
(3957, 2, 75794),
(3957, 1, 75828),
(3957, 2, 75862),
(3957, 2, 75896),
(3957, 2, 75955),
(3957, 2, 76057),
(3957, 2, 76091),
(3960, 2, 74469),
(3960, 2, 74471),
(3960, 2, 74472),
(3960, 2, 74473),
(3960, 2, 74474),
(3960, 2, 74502),
(3960, 2, 74504),
(3960, 2, 74505),
(3960, 2, 74506),
(3960, 2, 74507),
(3960, 2, 74508),
(3960, 2, 74509),
(3960, 3, 74573),
(3960, 3, 74574),
(3960, 3, 74575),
(3960, 3, 74576),
(3960, 3, 74577),
(3960, 3, 74579),
(3960, 2, 74608),
(3960, 2, 74609),
(3960, 2, 74610),
(3960, 2, 74611),
(3960, 2, 74613),
(3960, 2, 74643),
(3960, 2, 74644),
(3960, 2, 74645),
(3960, 2, 74646),
(3960, 2, 74647),
(3960, 2, 74648),
(3960, 2, 76306),
(3960, 2, 76307),
(3960, 2, 76308),
(3960, 2, 76309),
(3960, 2, 76310),
(3960, 2, 76311),
(3960, 2, 76992),
(3960, 2, 77182),
(3960, 2, 77186),
(3960, 2, 77187),
(3960, 2, 77188),
(3960, 2, 77189),
(3960, 2, 77190),
(3960, 2, 77191),
(3960, 2, 77192),
(3960, 2, 77240),
(3960, 2, 77241),
(3960, 2, 77242),
(3960, 2, 77244),
(3960, 2, 77245),
(3960, 2, 77262),
(3960, 2, 77267),
(3960, 2, 77268),
(3960, 2, 77674),
(3960, 2, 77995),
(3960, 2, 78008),
(3960, 1, 78697),
(3961, 2, 74460),
(3961, 2, 74469),
(3961, 2, 74471),
(3961, 2, 74472),
(3961, 2, 74473),
(3961, 2, 74495),
(3961, 2, 74498),
(3961, 2, 74502),
(3961, 2, 74504),
(3961, 2, 74506),
(3961, 2, 74507),
(3961, 2, 74508),
(3961, 2, 74509),
(3961, 2, 74530),
(3961, 3, 74566),
(3961, 1, 74571),
(3961, 3, 74572),
(3961, 3, 74574),
(3961, 3, 74575),
(3961, 3, 74576),
(3961, 3, 74577),
(3961, 3, 74579),
(3961, 2, 74601),
(3961, 2, 74606),
(3961, 2, 74609),
(3961, 2, 74610),
(3961, 2, 74611),
(3961, 2, 74613),
(3961, 2, 74636),
(3961, 2, 74640),
(3961, 2, 74641),
(3961, 2, 74644),
(3961, 2, 74646),
(3961, 2, 74647),
(3961, 2, 76299),
(3961, 2, 76303),
(3961, 2, 76304),
(3961, 2, 76307),
(3961, 2, 76309),
(3961, 2, 76310),
(3961, 2, 76311),
(3961, 2, 76829),
(3961, 2, 77186),
(3961, 2, 77190),
(3961, 2, 77191),
(3961, 2, 77192),
(3961, 2, 77244),
(3961, 2, 77262),
(3961, 2, 77266),
(3961, 2, 77267),
(3961, 2, 77268),
(3961, 2, 77657),
(3961, 3, 77667),
(3961, 2, 77668),
(3961, 1.5, 77669),
(3961, 2, 77670),
(3961, 2, 77671),
(3961, 3, 77673),
(3961, 2, 77674),
(3961, 2, 77994),
(3961, 2, 77995),
(3961, 2, 78008),
(3961, 2, 78586),
(3961, 1, 78697),
(3962, 5, 76454),
(3962, 4, 76819),
(3962, 1, 77060),
(3962, 2, 77099),
(3962, 2, 77100),
(3962, 1, 77101),
(3962, 4, 77178),
(3962, 1, 77336),
(3962, 4, 77337),
(3962, 4, 77344),
(3962, 3, 77557),
(3962, 1, 77587),
(3962, 4, 77615),
(3962, 2, 77617),
(3962, 2, 77639),
(3962, 2, 77996),
(3963, 2, 75746),
(3963, 2, 75756),
(3963, 2, 75780),
(3963, 2, 75790),
(3963, 3, 75814),
(3963, 1, 75820),
(3963, 1, 75824),
(3963, 2, 75854),
(3963, 2, 75858),
(3963, 2, 75882),
(3963, 2, 75892),
(3963, 2, 75960),
(3963, 1, 75994),
(3963, 2, 76028),
(3963, 2, 76062),
(3963, 2, 76066),
(3963, 2, 77487),
(3963, 2, 77488),
(3963, 2, 77490),
(3963, 2, 77805),
(3963, 3, 77806),
(3963, 2, 77808),
(3963, 2, 77833),
(3963, 3, 77834),
(3963, 2, 77835),
(3963, 2, 77836),
(3963, 2, 77838),
(3971, 2, 76344),
(3971, 2, 76345),
(3971, 1, 76346),
(3971, 4, 76348),
(3971, 4.5, 76415),
(3971, 2, 76450),
(3971, 2, 76451),
(3971, 3, 76536),
(3971, 2, 76568),
(3971, 2, 76816),
(3971, 2, 76818),
(3971, 5, 76820),
(3971, 1, 76824),
(3971, 4, 76825),
(3971, 2, 76830),
(3971, 1, 77060),
(3971, 4, 77061),
(3971, 0.25, 77099),
(3971, 1, 77101),
(3971, 4, 77178),
(3971, 2, 77499),
(3971, 2, 77503),
(3971, 2, 77504),
(3971, 2, 77505),
(3971, 2, 77506),
(3971, 2, 77507),
(3971, 2, 77508),
(3971, 2, 77527),
(3971, 2, 77530),
(3971, 2, 77531),
(3971, 2, 77532),
(3971, 2, 77533),
(3971, 2, 77534),
(3971, 2, 77535),
(3971, 2, 77536),
(3971, 3, 77555),
(3971, 3, 77557),
(3971, 3, 77558),
(3971, 3, 77559),
(3971, 3, 77560),
(3971, 3, 77561),
(3971, 5, 77562),
(3971, 3, 77563),
(3971, 1, 77583),
(3971, 1, 77585),
(3971, 1, 77586),
(3971, 1, 77587),
(3971, 1, 77588),
(3971, 1, 77589),
(3971, 4, 77614),
(3971, 4, 77615),
(3971, 4, 77616),
(3971, 2, 77617),
(3971, 4, 77618),
(3971, 4, 77619),
(3971, 2, 77639),
(3971, 2, 77641),
(3971, 2, 77652),
(3971, 2, 77690),
(3971, 2, 77691),
(3971, 2, 77710),
(3971, 2, 77711),
(3971, 3, 77715),
(3971, 2, 77716),
(3971, 3, 77717),
(3971, 2, 77996),
(3971, 2, 78469),
(3971, 2, 78585),
(3973, 2, 76818),
(3973, 4, 76819),
(3973, 1, 76824),
(3973, 4, 76825),
(3973, 2, 77056),
(3973, 3, 77058),
(3973, 2, 77091),
(3973, 2, 77099),
(3973, 2, 77100),
(3973, 1, 77101),
(3973, 4, 77178),
(3973, 4, 77344),
(3973, 2, 77500),
(3973, 1, 77503),
(3973, 1, 77505),
(3973, 2, 77507),
(3973, 2, 77528),
(3973, 2, 77532),
(3973, 2, 77535),
(3973, 1, 77586),
(3973, 4, 77611),
(3973, 3, 77612),
(3973, 2, 77639),
(3973, 2, 77690),
(3973, 2, 77692),
(3973, 2, 78469),
(3974, 2, 74392),
(3974, 2, 74394),
(3974, 1, 74398),
(3974, 2, 74402),
(3974, 1, 74403),
(3974, 1, 74427),
(3974, 1, 74429),
(3974, 2, 74462),
(3974, 2, 74464),
(3974, 2, 74497),
(3974, 2, 74499),
(3974, 2, 74532),
(3974, 3, 74566),
(3974, 3, 74569),
(3974, 3, 74572),
(3974, 3, 74574),
(3974, 3, 74576),
(3974, 3, 74579),
(3974, 2, 74601),
(3974, 2, 74604),
(3974, 2, 74609),
(3974, 2, 74611),
(3974, 2, 74613),
(3974, 2, 74636),
(3974, 2, 74639),
(3974, 2, 74644),
(3974, 2, 74646),
(3974, 2, 74648),
(3974, 2, 76299),
(3974, 2, 76302),
(3974, 2, 76307),
(3974, 2, 76309),
(3974, 2, 76311),
(3974, 2, 76829),
(3974, 2, 77207),
(3974, 2, 77994),
(3974, 2, 78008),
(3974, 1, 78697),
(3976, 2, 76266),
(3978, 2, 76633),
(3978, 2, 76634),
(3978, 3, 76665),
(3978, 3, 76666),
(3978, 2, 76752),
(3978, 2, 76755),
(3978, 2, 76758),
(3978, 2, 76760),
(3978, 3, 76784),
(3978, 3, 76787),
(3978, 3, 76790),
(3978, 3, 76791),
(3978, 3, 76792),
(3978, 2, 77293),
(3978, 2, 77297),
(3978, 2, 77298),
(3978, 2, 77299),
(3978, 2, 77776),
(3979, 3, 74563),
(3979, 2, 74598),
(3979, 2, 74633),
(3979, 2, 76296),
(3980, 2, 74463),
(3980, 2, 74469),
(3980, 2, 74473),
(3980, 2, 74504),
(3980, 2, 74508),
(3980, 3, 74572),
(3980, 3, 74573),
(3980, 3, 74574),
(3980, 3, 74576),
(3980, 3, 74579),
(3980, 2, 74599),
(3980, 2, 74608),
(3980, 2, 74609),
(3980, 2, 74611),
(3980, 2, 74634),
(3980, 2, 74644),
(3980, 2, 76297),
(3980, 2, 76307),
(3980, 2, 77186),
(3980, 2, 77188),
(3980, 2, 77241),
(3980, 2, 77262),
(3980, 2, 77264),
(3993, 3, 76536),
(3993, 2, 76568),
(3993, 2, 76816),
(3993, 2, 76830),
(3993, 1, 77101),
(3993, 2, 77338),
(3993, 5, 77340),
(3993, 2, 77503),
(3993, 2, 77504),
(3993, 2, 77505),
(3993, 2, 77506),
(3993, 2, 77507),
(3993, 2, 77508),
(3993, 2, 77528),
(3993, 2, 77532),
(3993, 2, 77533),
(3993, 2, 77534),
(3993, 2, 77535),
(3993, 2, 77536),
(3993, 3, 77561),
(3993, 3, 77563),
(3993, 1, 77583),
(3993, 1, 77587),
(3993, 1, 77588),
(3993, 1, 77589),
(3993, 4, 77616),
(3993, 4, 77618),
(3993, 4, 77619),
(3993, 2, 77641),
(3993, 2, 77652),
(3993, 2, 77708),
(3993, 2, 77710),
(3993, 2, 77711),
(3993, 3, 77715),
(3993, 2, 77716),
(3993, 3, 77717),
(3993, 2, 78469),
(3993, 2, 78585),
(3997, 3, 75245),
(3997, 2, 75274),
(3997, 1, 75303),
(3997, 1, 75332),
(3997, 2, 75382),
(3997, 2, 75440),
(3997, 2, 75471),
(3997, 2, 75531),
(3997, 2, 75535),
(3997, 2, 75560),
(3997, 2, 75564),
(3997, 2, 75589),
(3997, 2, 75593),
(3997, 2, 75622),
(3997, 1.5, 75676),
(3997, 1.5, 75706),
(3997, 2, 75710),
(3997, 2, 77726),
(3997, 2, 77727),
(4000, 2, 74393),
(4000, 2, 74400),
(4000, 1, 74428),
(4000, 2, 74498),
(4000, 3, 74568),
(4000, 3, 74573),
(4000, 3, 74574),
(4000, 2, 74603),
(4000, 2, 74608),
(4000, 2, 74609),
(4000, 2, 74638),
(4000, 2, 74643),
(4000, 2, 74644),
(4000, 2, 76301),
(4000, 2, 76306),
(4000, 2, 76307),
(4000, 2, 77206),
(4006, 3, 75236),
(4006, 2, 75265),
(4006, 2, 75296),
(4006, 1, 75299),
(4006, 1, 75302),
(4006, 2, 75325),
(4006, 1, 75328),
(4006, 1, 75331),
(4006, 2, 75419),
(4006, 2, 75448),
(4006, 2, 75471),
(4006, 2, 75534),
(4006, 2, 75563),
(4006, 2, 75618),
(4006, 2, 75621),
(4006, 4, 75655),
(4006, 4, 75658),
(4006, 1.5, 75676),
(4006, 2, 77730),
(4006, 1, 77731);

-- --------------------------------------------------------

--
-- Table structure for table `classes`
--

DROP TABLE IF EXISTS `classes`;
CREATE TABLE `classes` (
  `class_id` int(11) NOT NULL,
  `class_abbreviation` varchar(10) NOT NULL,
  `specialization_id` tinyint(4) NOT NULL,
  `year` year(4) NOT NULL,
  `class_full_name` varchar(255) NOT NULL
) ENGINE=InnoDB DEFAULT CHARSET=utf8;

--
-- Dumping data for table `classes`
--

INSERT INTO `classes` (`class_id`, `class_abbreviation`, `specialization_id`, `year`, `class_full_name`) VALUES
(287, 'MUC1', 1, 2018, 'BTS Management des Unités Commerciales'),
(288, 'NDRC1', 60, 2018, 'BTS Négociation et Digitalisation de la Relation Client'),
(289, 'CI1', 3, 2018, 'BTS Commerce International'),
(290, 'GPME1', 61, 2018, 'BTS Gestion de la PME'),
(291, 'TOUR1', 50, 2018, 'BTS Tourisme');

-- --------------------------------------------------------

--
-- Table structure for table `courses`
--

DROP TABLE IF EXISTS `courses`;
CREATE TABLE `courses` (
  `course_id` int(11) NOT NULL,
  `academic_year` year(4) NOT NULL DEFAULT '0000',
  `course_date` date NOT NULL DEFAULT '0000-00-00',
  `start_time` time NOT NULL DEFAULT '00:00:00',
  `end_time` time NOT NULL DEFAULT '00:00:00',
  `course_duration` float NOT NULL DEFAULT '0',
  `subject_id` int(11) DEFAULT NULL,
  `professor_id` int(11) DEFAULT NULL,
  `class_id` int(11) NOT NULL
) ENGINE=InnoDB DEFAULT CHARSET=latin1;

--
-- Dumping data for table `courses`
--

INSERT INTO `courses` (`course_id`, `academic_year`, `course_date`, `start_time`, `end_time`, `course_duration`, `subject_id`, `professor_id`, `class_id`) VALUES
(74380, 2018, '2018-10-04', '10:00:00', '12:00:00', 2, 18, 32, 287),
(74381, 2018, '2018-10-04', '14:00:00', '16:00:00', 2, 56, 25, 287),
(74382, 2018, '2018-10-04', '16:00:00', '18:00:00', 2, 2, 25, 287),
(74383, 2018, '2018-10-05', '08:00:00', '11:00:00', 3, 67, 12, 287),
(74384, 2018, '2018-10-05', '11:00:00', '13:00:00', 2, 14, 21, 287),
(74385, 2018, '2018-10-05', '14:00:00', '16:00:00', 2, 19, 87, 287),
(74388, 2018, '2018-10-11', '08:00:00', '10:00:00', 2, 4, 16, 287),
(74389, 2018, '2018-10-18', '08:00:00', '10:00:00', 2, 4, 16, 287),
(74392, 2018, '2018-11-08', '08:00:00', '10:00:00', 2, 4, 16, 287),
(74393, 2018, '2018-11-15', '08:00:00', '10:00:00', 2, 4, 16, 287),
(74394, 2018, '2018-11-22', '08:00:00', '10:00:00', 2, 4, 16, 287),
(74395, 2018, '2018-11-29', '08:00:00', '10:00:00', 2, 4, 16, 287),
(74396, 2018, '2018-12-06', '08:00:00', '10:00:00', 2, 4, 16, 287),
(74397, 2018, '2018-12-13', '08:00:00', '10:00:00', 2, 4, 16, 287),
(74398, 2018, '2018-12-20', '08:00:00', '10:00:00', 2, 4, 16, 287),
(74399, 2018, '2019-01-10', '08:00:00', '10:00:00', 2, 4, 16, 287),
(74400, 2018, '2019-01-17', '08:00:00', '10:00:00', 2, 4, 16, 287),
(74401, 2018, '2019-01-24', '08:00:00', '10:00:00', 2, 4, 16, 287),
(74402, 2018, '2019-01-31', '08:00:00', '10:00:00', 2, 4, 16, 287),
(74403, 2018, '2019-06-05', '08:00:00', '10:00:00', 2, 4, 16, 287),
(74404, 2018, '2019-02-14', '08:00:00', '10:00:00', 2, 4, 16, 287),
(74405, 2018, '2019-02-28', '08:00:00', '10:00:00', 2, 4, 16, 287),
(74406, 2018, '2019-03-07', '08:00:00', '10:00:00', 2, 4, 16, 287),
(74407, 2018, '2019-03-14', '08:00:00', '10:00:00', 2, 4, 16, 287),
(74408, 2018, '2019-03-21', '08:00:00', '10:00:00', 2, 4, 16, 287),
(74409, 2018, '2019-03-28', '08:00:00', '10:00:00', 2, 4, 16, 287),
(74410, 2018, '2019-04-04', '08:00:00', '10:00:00', 2, 4, 16, 287),
(74411, 2018, '2019-04-11', '08:00:00', '10:00:00', 2, 4, 16, 287),
(74412, 2018, '2019-04-25', '08:00:00', '10:00:00', 2, 4, 16, 287),
(74413, 2018, '2019-05-02', '08:00:00', '10:00:00', 2, 4, 16, 287),
(74415, 2018, '2019-05-16', '08:00:00', '10:00:00', 2, 4, 16, 287),
(74416, 2018, '2019-05-23', '08:00:00', '10:00:00', 2, 4, 16, 287),
(74418, 2018, '2019-06-06', '08:00:00', '10:00:00', 2, 4, 16, 287),
(74419, 2018, '2019-06-13', '08:00:00', '10:00:00', 2, 4, 16, 287),
(74420, 2018, '2019-06-20', '08:00:00', '10:00:00', 2, 4, 16, 287),
(74421, 2018, '2019-06-27', '08:00:00', '10:00:00', 2, 4, 16, 287),
(74422, 2018, '2019-07-04', '08:00:00', '10:00:00', 2, 4, 16, 287),
(74424, 2018, '2018-10-18', '12:00:00', '13:00:00', 1, 62, 231, 287),
(74425, 2018, '2018-10-25', '12:00:00', '13:00:00', 1, 62, 231, 287),
(74427, 2018, '2018-11-08', '12:00:00', '13:00:00', 1, 62, 231, 287),
(74428, 2018, '2018-11-15', '12:00:00', '13:00:00', 1, 62, 231, 287),
(74429, 2018, '2018-11-22', '12:00:00', '13:00:00', 1, 62, 231, 287),
(74430, 2018, '2018-11-29', '12:00:00', '13:00:00', 1, 62, 231, 287),
(74432, 2018, '2018-12-13', '12:00:00', '13:00:00', 1, 62, 231, 287),
(74433, 2018, '2018-12-20', '12:00:00', '13:00:00', 1, 62, 231, 287),
(74434, 2018, '2019-01-10', '12:00:00', '13:00:00', 1, 62, 231, 287),
(74435, 2018, '2019-01-17', '12:00:00', '13:00:00', 1, 62, 231, 287),
(74436, 2018, '2019-01-24', '12:00:00', '13:00:00', 1, 62, 231, 287),
(74437, 2018, '2019-01-31', '12:00:00', '13:00:00', 1, 62, 231, 287),
(74438, 2018, '2019-02-07', '12:00:00', '13:00:00', 1, 62, 231, 287),
(74439, 2018, '2019-02-14', '12:00:00', '13:00:00', 1, 62, 231, 287),
(74440, 2018, '2019-02-28', '12:00:00', '13:00:00', 1, 62, 231, 287),
(74441, 2018, '2019-03-07', '12:00:00', '13:00:00', 1, 62, 231, 287),
(74442, 2018, '2019-03-14', '12:00:00', '13:00:00', 1, 62, 231, 287),
(74443, 2018, '2019-03-21', '12:00:00', '13:00:00', 1, 62, 231, 287),
(74444, 2018, '2019-03-28', '12:00:00', '13:00:00', 1, 62, 231, 287),
(74445, 2018, '2019-04-04', '12:00:00', '13:00:00', 1, 62, 231, 287),
(74446, 2018, '2019-04-11', '12:00:00', '13:00:00', 1, 62, 231, 287),
(74447, 2018, '2019-04-25', '12:00:00', '13:00:00', 1, 62, 231, 287),
(74448, 2018, '2019-05-02', '12:00:00', '13:00:00', 1, 62, 231, 287),
(74449, 2018, '2019-05-09', '12:00:00', '13:00:00', 1, 62, 231, 287),
(74450, 2018, '2019-05-16', '12:00:00', '13:00:00', 1, 62, 231, 287),
(74451, 2018, '2019-05-23', '12:00:00', '13:00:00', 1, 62, 231, 287),
(74453, 2018, '2019-06-06', '12:00:00', '13:00:00', 1, 62, 231, 287),
(74454, 2018, '2019-06-13', '12:00:00', '13:00:00', 1, 62, 231, 287),
(74455, 2018, '2019-06-20', '12:00:00', '13:00:00', 1, 62, 231, 287),
(74456, 2018, '2019-06-27', '12:00:00', '13:00:00', 1, 62, 231, 287),
(74457, 2018, '2019-07-04', '12:00:00', '13:00:00', 1, 62, 231, 287),
(74458, 2018, '2018-10-11', '10:00:00', '12:00:00', 2, 18, 32, 287),
(74459, 2018, '2018-10-18', '10:00:00', '12:00:00', 2, 18, 32, 287),
(74460, 2018, '2018-10-25', '10:00:00', '12:00:00', 2, 18, 32, 287),
(74462, 2018, '2018-11-08', '10:00:00', '12:00:00', 2, 18, 32, 287),
(74463, 2018, '2018-11-15', '10:00:00', '12:00:00', 2, 18, 32, 287),
(74464, 2018, '2018-11-22', '10:00:00', '12:00:00', 2, 18, 32, 287),
(74465, 2018, '2018-11-29', '10:00:00', '12:00:00', 2, 18, 32, 287),
(74467, 2018, '2018-12-13', '10:00:00', '12:00:00', 2, 18, 32, 287),
(74469, 2018, '2019-01-10', '10:00:00', '12:00:00', 2, 18, 32, 287),
(74470, 2018, '2019-01-17', '10:00:00', '12:00:00', 2, 18, 32, 287),
(74471, 2018, '2019-01-24', '10:00:00', '12:00:00', 2, 18, 32, 287),
(74472, 2018, '2019-01-31', '10:00:00', '12:00:00', 2, 18, 32, 287),
(74473, 2018, '2019-02-07', '10:00:00', '12:00:00', 2, 18, 32, 287),
(74474, 2018, '2019-02-14', '10:00:00', '12:00:00', 2, 18, 32, 287),
(74475, 2018, '2019-02-28', '10:00:00', '12:00:00', 2, 18, 32, 287),
(74476, 2018, '2019-03-07', '10:00:00', '12:00:00', 2, 18, 32, 287),
(74477, 2018, '2019-03-14', '10:00:00', '12:00:00', 2, 18, 32, 287),
(74478, 2018, '2019-03-21', '10:00:00', '12:00:00', 2, 18, 32, 287),
(74479, 2018, '2019-03-28', '10:00:00', '12:00:00', 2, 18, 32, 287),
(74480, 2018, '2019-04-04', '10:00:00', '12:00:00', 2, 18, 32, 287),
(74481, 2018, '2019-04-11', '10:00:00', '12:00:00', 2, 18, 32, 287),
(74482, 2018, '2019-04-25', '10:00:00', '12:00:00', 2, 18, 32, 287),
(74483, 2018, '2019-05-02', '10:00:00', '12:00:00', 2, 18, 32, 287),
(74485, 2018, '2019-05-16', '10:00:00', '12:00:00', 2, 18, 32, 287),
(74486, 2018, '2019-05-23', '10:00:00', '12:00:00', 2, 18, 32, 287),
(74488, 2018, '2019-06-06', '10:00:00', '12:00:00', 2, 18, 32, 287),
(74489, 2018, '2019-06-13', '10:00:00', '12:00:00', 2, 18, 32, 287),
(74490, 2018, '2019-06-20', '10:00:00', '12:00:00', 2, 18, 32, 287),
(74491, 2018, '2019-06-27', '10:00:00', '12:00:00', 2, 18, 32, 287),
(74492, 2018, '2019-07-04', '10:00:00', '12:00:00', 2, 18, 32, 287),
(74494, 2018, '2018-10-18', '14:00:00', '16:00:00', 2, 56, 25, 287),
(74495, 2018, '2018-10-25', '14:00:00', '16:00:00', 2, 56, 25, 287),
(74497, 2018, '2018-11-08', '14:00:00', '16:00:00', 2, 56, 25, 287),
(74498, 2018, '2018-11-15', '14:00:00', '16:00:00', 2, 56, 25, 287),
(74499, 2018, '2018-11-22', '14:00:00', '16:00:00', 2, 56, 25, 287),
(74500, 2018, '2018-11-29', '14:00:00', '16:00:00', 2, 56, 25, 287),
(74501, 2018, '2018-12-06', '14:00:00', '16:00:00', 2, 56, 25, 287),
(74502, 2018, '2018-12-20', '14:00:00', '16:00:00', 2, 56, 25, 287),
(74504, 2018, '2019-01-10', '14:00:00', '16:00:00', 2, 56, 25, 287),
(74505, 2018, '2019-01-17', '14:00:00', '16:00:00', 2, 56, 25, 287),
(74506, 2018, '2019-01-23', '13:30:00', '15:30:00', 2, 56, 25, 287),
(74507, 2018, '2019-01-31', '14:00:00', '16:00:00', 2, 56, 25, 287),
(74508, 2018, '2019-02-07', '14:00:00', '16:00:00', 2, 56, 25, 287),
(74509, 2018, '2019-02-14', '14:00:00', '16:00:00', 2, 56, 25, 287),
(74510, 2018, '2019-02-28', '14:00:00', '16:00:00', 2, 56, 25, 287),
(74511, 2018, '2019-03-07', '14:00:00', '16:00:00', 2, 56, 25, 287),
(74512, 2018, '2019-03-14', '14:00:00', '16:00:00', 2, 56, 25, 287),
(74513, 2018, '2019-03-21', '14:00:00', '16:00:00', 2, 56, 25, 287),
(74514, 2018, '2019-03-28', '14:00:00', '16:00:00', 2, 56, 25, 287),
(74515, 2018, '2019-04-04', '14:00:00', '16:00:00', 2, 56, 25, 287),
(74516, 2018, '2019-04-11', '14:00:00', '16:00:00', 2, 56, 25, 287),
(74518, 2018, '2019-05-02', '14:00:00', '16:00:00', 2, 56, 25, 287),
(74519, 2018, '2019-05-09', '14:00:00', '16:00:00', 2, 56, 25, 287),
(74520, 2018, '2019-05-16', '14:00:00', '16:00:00', 2, 56, 25, 287),
(74521, 2018, '2019-05-23', '14:00:00', '16:00:00', 2, 56, 25, 287),
(74523, 2018, '2019-06-06', '14:00:00', '16:00:00', 2, 56, 25, 287),
(74524, 2018, '2019-06-13', '14:00:00', '16:00:00', 2, 56, 25, 287),
(74525, 2018, '2019-06-20', '14:00:00', '16:00:00', 2, 56, 25, 287),
(74526, 2018, '2019-06-27', '14:00:00', '16:00:00', 2, 56, 25, 287),
(74527, 2018, '2019-07-04', '14:00:00', '16:00:00', 2, 56, 25, 287),
(74529, 2018, '2018-10-18', '16:00:00', '18:00:00', 2, 2, 25, 287),
(74530, 2018, '2018-10-25', '16:00:00', '18:00:00', 2, 2, 25, 287),
(74532, 2018, '2018-11-08', '16:00:00', '18:00:00', 2, 2, 25, 287),
(74563, 2018, '2018-10-12', '08:00:00', '11:00:00', 3, 67, 12, 287),
(74564, 2018, '2018-10-19', '08:00:00', '11:00:00', 3, 67, 12, 287),
(74565, 2018, '2018-10-26', '08:00:00', '11:00:00', 3, 67, 12, 287),
(74566, 2018, '2018-11-02', '08:00:00', '11:00:00', 3, 67, 12, 287),
(74567, 2018, '2018-11-09', '08:00:00', '11:00:00', 3, 67, 12, 287),
(74568, 2018, '2018-11-16', '08:00:00', '11:00:00', 3, 67, 12, 287),
(74569, 2018, '2018-11-23', '08:00:00', '11:00:00', 3, 67, 12, 287),
(74571, 2018, '2018-12-07', '08:00:00', '11:00:00', 3, 67, 12, 287),
(74572, 2018, '2018-12-14', '08:00:00', '11:00:00', 3, 67, 12, 287),
(74573, 2018, '2018-12-21', '08:00:00', '11:00:00', 3, 67, 12, 287),
(74574, 2018, '2019-01-11', '08:00:00', '11:00:00', 3, 67, 12, 287),
(74575, 2018, '2019-01-18', '08:00:00', '11:00:00', 3, 67, 12, 287),
(74576, 2018, '2019-01-25', '08:00:00', '11:00:00', 3, 67, 12, 287),
(74577, 2018, '2019-02-01', '08:00:00', '11:00:00', 3, 67, 12, 287),
(74579, 2018, '2019-02-15', '08:00:00', '11:00:00', 3, 67, 12, 287),
(74580, 2018, '2019-03-01', '08:00:00', '11:00:00', 3, 67, 12, 287),
(74581, 2018, '2019-03-08', '08:00:00', '11:00:00', 3, 67, 12, 287),
(74582, 2018, '2019-03-15', '08:00:00', '11:00:00', 3, 67, 12, 287),
(74583, 2018, '2019-03-22', '08:00:00', '11:00:00', 3, 67, 12, 287),
(74584, 2018, '2019-03-29', '08:00:00', '11:00:00', 3, 67, 12, 287),
(74585, 2018, '2019-04-05', '08:00:00', '11:00:00', 3, 67, 12, 287),
(74586, 2018, '2019-04-12', '08:00:00', '11:00:00', 3, 67, 12, 287),
(74587, 2018, '2019-04-26', '08:00:00', '11:00:00', 3, 67, 12, 287),
(74589, 2018, '2019-05-10', '08:00:00', '11:00:00', 3, 67, 12, 287),
(74590, 2018, '2019-05-17', '08:00:00', '11:00:00', 3, 67, 12, 287),
(74591, 2018, '2019-05-24', '08:00:00', '11:00:00', 3, 67, 12, 287),
(74592, 2018, '2019-05-31', '08:00:00', '11:00:00', 3, 67, 12, 287),
(74593, 2018, '2019-06-07', '08:00:00', '11:00:00', 3, 67, 12, 287),
(74594, 2018, '2019-06-14', '08:00:00', '11:00:00', 3, 67, 12, 287),
(74595, 2018, '2019-06-21', '08:00:00', '11:00:00', 3, 67, 12, 287),
(74596, 2018, '2019-06-28', '08:00:00', '11:00:00', 3, 67, 12, 287),
(74597, 2018, '2019-07-05', '08:00:00', '11:00:00', 3, 67, 12, 287),
(74598, 2018, '2018-10-12', '11:00:00', '13:00:00', 2, 14, 21, 287),
(74599, 2018, '2018-10-19', '11:00:00', '13:00:00', 2, 14, 21, 287),
(74600, 2018, '2018-10-26', '11:00:00', '13:00:00', 2, 14, 21, 287),
(74601, 2018, '2018-11-02', '11:00:00', '13:00:00', 2, 14, 21, 287),
(74602, 2018, '2018-11-09', '11:00:00', '13:00:00', 2, 14, 21, 287),
(74603, 2018, '2018-11-16', '11:00:00', '13:00:00', 2, 14, 21, 287),
(74604, 2018, '2018-11-23', '11:00:00', '13:00:00', 2, 14, 21, 287),
(74606, 2018, '2018-12-07', '11:00:00', '13:00:00', 2, 14, 21, 287),
(74608, 2018, '2018-12-21', '11:00:00', '13:00:00', 2, 14, 21, 287),
(74609, 2018, '2019-01-11', '11:00:00', '13:00:00', 2, 14, 21, 287),
(74610, 2018, '2019-01-18', '11:00:00', '13:00:00', 2, 14, 21, 287),
(74611, 2018, '2019-01-25', '11:00:00', '13:00:00', 2, 14, 21, 287),
(74612, 2018, '2019-02-01', '11:00:00', '13:00:00', 2, 14, 21, 287),
(74613, 2018, '2019-02-08', '11:00:00', '13:00:00', 2, 14, 21, 287),
(74614, 2018, '2019-02-15', '11:00:00', '13:00:00', 2, 14, 21, 287),
(74615, 2018, '2019-03-01', '11:00:00', '13:00:00', 2, 14, 21, 287),
(74616, 2018, '2019-03-08', '11:00:00', '13:00:00', 2, 14, 21, 287),
(74617, 2018, '2019-03-15', '11:00:00', '13:00:00', 2, 14, 21, 287),
(74618, 2018, '2019-03-22', '11:00:00', '13:00:00', 2, 14, 21, 287),
(74619, 2018, '2019-03-29', '11:00:00', '13:00:00', 2, 14, 21, 287),
(74620, 2018, '2019-04-05', '11:00:00', '13:00:00', 2, 14, 21, 287),
(74621, 2018, '2019-04-12', '11:00:00', '13:00:00', 2, 14, 21, 287),
(74622, 2018, '2019-04-26', '11:00:00', '13:00:00', 2, 14, 21, 287),
(74624, 2018, '2019-05-10', '11:00:00', '13:00:00', 2, 14, 21, 287),
(74625, 2018, '2019-05-17', '11:00:00', '13:00:00', 2, 14, 21, 287),
(74626, 2018, '2019-05-24', '11:00:00', '13:00:00', 2, 14, 21, 287),
(74627, 2018, '2019-05-31', '11:00:00', '13:00:00', 2, 14, 21, 287),
(74628, 2018, '2019-06-07', '11:00:00', '13:00:00', 2, 14, 21, 287),
(74629, 2018, '2019-06-14', '11:00:00', '13:00:00', 2, 14, 21, 287),
(74630, 2018, '2019-06-21', '11:00:00', '13:00:00', 2, 14, 21, 287),
(74631, 2018, '2019-06-28', '11:00:00', '13:00:00', 2, 14, 21, 287),
(74632, 2018, '2019-07-05', '11:00:00', '13:00:00', 2, 14, 21, 287),
(74633, 2018, '2018-10-12', '14:00:00', '16:00:00', 2, 19, 87, 287),
(74634, 2018, '2018-10-19', '14:00:00', '16:00:00', 2, 19, 87, 287),
(74636, 2018, '2018-11-02', '14:00:00', '16:00:00', 2, 19, 87, 287),
(74637, 2018, '2018-11-09', '14:00:00', '16:00:00', 2, 19, 87, 287),
(74638, 2018, '2018-11-16', '14:00:00', '16:00:00', 2, 19, 87, 287),
(74639, 2018, '2018-11-23', '14:00:00', '16:00:00', 2, 19, 87, 287),
(74640, 2018, '2018-11-30', '14:00:00', '16:00:00', 2, 19, 87, 287),
(74641, 2018, '2018-12-07', '14:00:00', '16:00:00', 2, 19, 87, 287),
(74643, 2018, '2018-12-21', '14:00:00', '16:00:00', 2, 19, 87, 287),
(74644, 2018, '2019-01-11', '14:00:00', '16:00:00', 2, 19, 87, 287),
(74645, 2018, '2019-01-18', '14:00:00', '16:00:00', 2, 19, 87, 287),
(74646, 2018, '2019-01-25', '14:00:00', '16:00:00', 2, 19, 87, 287),
(74647, 2018, '2019-02-01', '14:00:00', '16:00:00', 2, 19, 87, 287),
(74648, 2018, '2019-02-08', '14:00:00', '16:00:00', 2, 19, 87, 287),
(74649, 2018, '2019-02-15', '14:00:00', '16:00:00', 2, 19, 87, 287),
(74650, 2018, '2019-03-01', '14:00:00', '16:00:00', 2, 19, 87, 287),
(74651, 2018, '2019-03-08', '14:00:00', '16:00:00', 2, 19, 87, 287),
(74652, 2018, '2019-03-15', '14:00:00', '16:00:00', 2, 19, 87, 287),
(74653, 2018, '2019-03-22', '14:00:00', '16:00:00', 2, 19, 87, 287),
(74654, 2018, '2019-03-29', '14:00:00', '16:00:00', 2, 19, 87, 287),
(74655, 2018, '2019-04-05', '14:00:00', '16:00:00', 2, 19, 87, 287),
(74657, 2018, '2019-04-26', '14:00:00', '16:00:00', 2, 19, 87, 287),
(74658, 2018, '2019-05-03', '14:00:00', '16:00:00', 2, 19, 87, 287),
(74659, 2018, '2019-05-10', '14:00:00', '16:00:00', 2, 19, 87, 287),
(74660, 2018, '2019-05-17', '14:00:00', '16:00:00', 2, 19, 87, 287),
(74661, 2018, '2019-05-24', '14:00:00', '16:00:00', 2, 19, 87, 287),
(74662, 2018, '2019-05-31', '14:00:00', '16:00:00', 2, 19, 87, 287),
(74663, 2018, '2019-06-07', '14:00:00', '16:00:00', 2, 19, 87, 287),
(74664, 2018, '2019-06-14', '14:00:00', '16:00:00', 2, 19, 87, 287),
(74665, 2018, '2019-06-21', '14:00:00', '16:00:00', 2, 19, 87, 287),
(74666, 2018, '2019-06-28', '14:00:00', '16:00:00', 2, 19, 87, 287),
(74667, 2018, '2019-07-05', '14:00:00', '16:00:00', 2, 19, 87, 287),
(74668, 2018, '2018-10-04', '08:00:00', '10:00:00', 2, 84, 171, 287),
(75146, 2018, '2018-09-21', '09:30:00', '12:30:00', 3, 83, 148, 287),
(75147, 2018, '2018-09-21', '09:31:00', '12:30:00', 3, 83, 148, 288),
(75148, 2018, '2018-09-21', '09:32:00', '12:30:00', 3, 83, 148, 289),
(75149, 2018, '2018-09-21', '09:30:00', '12:30:00', 3, 83, 148, 290),
(75150, 2018, '2018-09-21', '09:30:00', '12:30:00', 3, 83, 148, 291),
(75151, 2018, '2018-10-04', '08:00:00', '10:00:00', 2, 76, 32, 288),
(75152, 2018, '2018-10-04', '10:00:00', '12:00:00', 2, 4, 16, 288),
(75153, 2018, '2018-10-05', '14:00:00', '18:00:00', 4, 78, 296, 288),
(75154, 2018, '2018-10-04', '16:00:00', '18:00:00', 2, 84, 171, 288),
(75156, 2018, '2018-10-05', '12:00:00', '13:00:00', 1, 72, 12, 288),
(75157, 2018, '2018-10-04', '13:00:00', '16:00:00', 3, 77, 280, 288),
(75158, 2018, '2018-10-01', '14:00:00', '17:00:00', 3, 84, 171, 289),
(75159, 2018, '2018-10-01', '08:00:00', '11:00:00', 3, 51, 87, 289),
(75160, 2018, '2018-10-01', '11:00:00', '13:00:00', 2, 14, 266, 289),
(75161, 2018, '2018-10-02', '13:00:00', '15:00:00', 2, 59, 87, 289),
(75162, 2018, '2018-10-02', '15:00:00', '17:00:00', 2, 54, 87, 289),
(75164, 2018, '2018-10-03', '13:00:00', '15:00:00', 2, 7, 89, 289),
(75166, 2018, '2018-10-04', '08:00:00', '10:00:00', 2, 19, 12, 289),
(75167, 2018, '2018-10-04', '13:00:00', '15:00:00', 2, 73, 87, 289),
(75168, 2018, '2018-10-03', '08:00:00', '10:00:00', 2, 1, 4, 289),
(75169, 2018, '2018-10-03', '08:00:00', '10:00:00', 2, 50, 294, 289),
(75170, 2018, '2018-10-03', '10:00:00', '12:00:00', 2, 12, 260, 289),
(75171, 2018, '2018-10-04', '08:00:00', '10:00:00', 2, 4, 5, 290),
(75172, 2018, '2018-10-04', '10:00:00', '12:00:00', 2, 6, 231, 290),
(75173, 2018, '2018-10-05', '13:00:00', '15:00:00', 2, 55, 231, 290),
(75174, 2018, '2018-10-04', '13:00:00', '16:00:00', 3, 82, 282, 290),
(75175, 2018, '2018-10-04', '16:00:00', '18:00:00', 2, 11, 234, 290),
(75176, 2018, '2018-10-12', '15:00:00', '18:00:00', 3, 58, 283, 290),
(75177, 2018, '2018-10-02', '08:00:00', '10:00:00', 2, 84, 171, 291),
(75178, 2018, '2018-10-02', '10:00:00', '12:00:00', 2, 84, 171, 291),
(75179, 2018, '2018-10-02', '10:00:00', '12:00:00', 2, 9, 236, 291),
(75181, 2018, '2018-10-02', '14:00:00', '16:00:00', 2, 4, 16, 291),
(75182, 2018, '2018-10-02', '14:00:00', '16:00:00', 2, 9, 231, 291),
(75183, 2018, '2018-10-02', '16:00:00', '18:00:00', 2, 16, 12, 291),
(75184, 2018, '2018-10-04', '08:00:00', '10:00:00', 2, 1, 89, 291),
(75185, 2018, '2018-10-04', '08:00:00', '10:00:00', 2, 50, 262, 291),
(75186, 2018, '2018-10-04', '10:00:00', '11:00:00', 1, 69, 128, 291),
(75187, 2018, '2018-10-04', '11:00:00', '13:00:00', 2, 86, 128, 291),
(75188, 2018, '2018-10-04', '14:00:00', '16:00:00', 2, 57, 32, 291),
(75189, 2018, '2018-10-04', '16:00:00', '18:00:00', 2, 68, 32, 291),
(75215, 2018, '2018-10-05', '15:00:00', '18:00:00', 3, 84, 171, 290),
(75216, 2018, '2018-10-08', '08:00:00', '12:00:00', 4, 51, 87, 289),
(75217, 2018, '2018-10-23', '10:00:00', '12:00:00', 2, 14, 266, 289),
(75218, 2018, '2018-10-09', '13:00:00', '14:00:00', 1, 59, 87, 289),
(75219, 2018, '2018-10-09', '14:00:00', '15:00:00', 1, 54, 87, 289),
(75221, 2018, '2018-10-10', '08:00:00', '10:00:00', 2, 1, 4, 289),
(75222, 2018, '2018-10-10', '08:00:00', '10:00:00', 2, 50, 294, 289),
(75223, 2018, '2018-10-10', '10:00:00', '12:00:00', 2, 12, 260, 289),
(75224, 2018, '2018-10-25', '10:00:00', '12:00:00', 2, 7, 89, 289),
(75226, 2018, '2018-10-04', '10:00:00', '12:00:00', 2, 66, 12, 289),
(75229, 2018, '2018-10-11', '14:00:00', '15:00:00', 1, 73, 87, 289),
(75230, 2018, '2018-10-09', '15:00:00', '17:00:00', 2, 4, 5, 289),
(75231, 2018, '2018-10-15', '08:00:00', '11:00:00', 3, 51, 87, 289),
(75232, 2018, '2018-10-22', '08:00:00', '11:00:00', 3, 51, 87, 289),
(75234, 2018, '2018-11-05', '08:00:00', '11:00:00', 3, 51, 87, 289),
(75235, 2018, '2018-11-12', '08:00:00', '11:00:00', 3, 51, 87, 289),
(75236, 2018, '2018-11-19', '08:00:00', '11:00:00', 3, 51, 87, 289),
(75237, 2018, '2018-11-26', '08:00:00', '11:00:00', 3, 51, 87, 289),
(75240, 2018, '2018-12-17', '08:00:00', '11:00:00', 3, 51, 87, 289),
(75241, 2018, '2019-01-14', '08:00:00', '12:00:00', 4, 51, 87, 289),
(75242, 2018, '2019-01-21', '08:00:00', '11:00:00', 3, 51, 87, 289),
(75243, 2018, '2019-01-28', '08:00:00', '11:00:00', 3, 51, 87, 289),
(75244, 2018, '2019-02-04', '08:00:00', '11:00:00', 3, 51, 87, 289),
(75245, 2018, '2019-02-11', '08:00:00', '11:00:00', 3, 51, 87, 289),
(75246, 2018, '2019-02-25', '08:00:00', '11:00:00', 3, 51, 87, 289),
(75247, 2018, '2019-03-04', '08:00:00', '11:00:00', 3, 51, 87, 289),
(75248, 2018, '2019-03-11', '08:00:00', '11:00:00', 3, 51, 87, 289),
(75249, 2018, '2019-03-18', '08:00:00', '11:00:00', 3, 51, 87, 289),
(75250, 2018, '2019-03-25', '08:00:00', '11:00:00', 3, 51, 87, 289),
(75251, 2018, '2019-04-01', '08:00:00', '11:00:00', 3, 51, 87, 289),
(75254, 2018, '2019-04-29', '08:00:00', '11:00:00', 3, 51, 87, 289),
(75255, 2018, '2019-05-06', '08:00:00', '11:00:00', 3, 51, 87, 289),
(75256, 2018, '2019-05-13', '08:00:00', '11:00:00', 3, 51, 87, 289),
(75257, 2018, '2019-05-27', '08:00:00', '11:00:00', 3, 51, 87, 289),
(75258, 2018, '2019-06-03', '08:00:00', '11:00:00', 3, 51, 87, 289),
(75260, 2018, '2018-10-15', '11:00:00', '13:00:00', 2, 14, 266, 289),
(75261, 2018, '2018-10-22', '11:00:00', '13:00:00', 2, 14, 266, 289),
(75262, 2018, '2018-10-29', '09:00:00', '13:00:00', 4, 14, 266, 289),
(75263, 2018, '2018-11-05', '11:00:00', '13:00:00', 2, 14, 266, 289),
(75264, 2018, '2018-11-12', '11:00:00', '13:00:00', 2, 14, 266, 289),
(75265, 2018, '2018-11-19', '11:00:00', '13:00:00', 2, 14, 266, 289),
(75266, 2018, '2018-11-26', '11:00:00', '13:00:00', 2, 14, 266, 289),
(75267, 2018, '2018-12-03', '11:00:00', '13:00:00', 2, 14, 266, 289),
(75268, 2018, '2018-12-10', '11:00:00', '13:00:00', 2, 14, 266, 289),
(75269, 2018, '2018-12-19', '10:00:00', '12:00:00', 2, 14, 266, 289),
(75271, 2018, '2019-01-21', '11:00:00', '13:00:00', 2, 14, 266, 289),
(75272, 2018, '2019-01-28', '11:00:00', '13:00:00', 2, 14, 266, 289),
(75273, 2018, '2019-02-04', '11:00:00', '13:00:00', 2, 14, 266, 289),
(75274, 2018, '2019-02-11', '11:00:00', '13:00:00', 2, 14, 266, 289),
(75275, 2018, '2019-02-25', '11:00:00', '13:00:00', 2, 14, 266, 289),
(75276, 2018, '2019-03-04', '11:00:00', '13:00:00', 2, 14, 266, 289),
(75277, 2018, '2019-03-11', '11:00:00', '13:00:00', 2, 14, 266, 289),
(75278, 2018, '2019-03-18', '11:00:00', '13:00:00', 2, 14, 266, 289),
(75279, 2018, '2019-03-25', '11:00:00', '13:00:00', 2, 14, 266, 289),
(75280, 2018, '2019-04-01', '11:00:00', '13:00:00', 2, 14, 266, 289),
(75281, 2018, '2019-04-08', '11:00:00', '13:00:00', 2, 14, 266, 289),
(75283, 2018, '2019-04-29', '11:00:00', '13:00:00', 2, 14, 266, 289),
(75284, 2018, '2019-05-06', '11:00:00', '13:00:00', 2, 14, 266, 289),
(75285, 2018, '2019-05-13', '11:00:00', '13:00:00', 2, 14, 266, 289),
(75286, 2018, '2019-05-27', '11:00:00', '13:00:00', 2, 14, 266, 289),
(75287, 2018, '2019-06-03', '11:00:00', '13:00:00', 2, 14, 266, 289),
(75289, 2018, '2018-10-16', '13:00:00', '14:00:00', 1, 59, 87, 289),
(75290, 2018, '2018-10-23', '13:00:00', '14:00:00', 1, 59, 87, 289),
(75292, 2018, '2019-05-07', '10:00:00', '12:00:00', 2, 59, 87, 289),
(75293, 2018, '2018-11-13', '13:00:00', '14:00:00', 1, 59, 87, 289),
(75294, 2018, '2018-11-20', '13:00:00', '14:00:00', 1, 59, 87, 289),
(75296, 2018, '2018-12-04', '13:00:00', '15:00:00', 2, 59, 87, 289),
(75297, 2018, '2018-12-11', '13:00:00', '15:00:00', 2, 59, 87, 289),
(75298, 2018, '2018-12-18', '13:00:00', '14:00:00', 1, 59, 87, 289),
(75299, 2018, '2019-01-15', '13:00:00', '14:00:00', 1, 59, 87, 289),
(75300, 2018, '2019-01-22', '13:00:00', '14:00:00', 1, 59, 87, 289),
(75301, 2018, '2019-01-29', '13:00:00', '14:00:00', 1, 59, 87, 289),
(75302, 2018, '2019-02-05', '13:00:00', '14:00:00', 1, 59, 87, 289),
(75303, 2018, '2019-02-12', '13:00:00', '14:00:00', 1, 59, 87, 289),
(75304, 2018, '2019-02-26', '13:00:00', '14:00:00', 1, 59, 87, 289),
(75305, 2018, '2019-03-05', '13:00:00', '14:00:00', 1, 59, 87, 289),
(75307, 2018, '2019-03-19', '13:00:00', '14:00:00', 1, 59, 87, 289),
(75308, 2018, '2019-03-26', '13:00:00', '14:00:00', 1, 59, 87, 289),
(75309, 2018, '2019-04-02', '13:00:00', '14:00:00', 1, 59, 87, 289),
(75310, 2018, '2019-04-09', '13:00:00', '14:00:00', 1, 59, 87, 289),
(75311, 2018, '2019-04-23', '13:00:00', '14:00:00', 1, 59, 87, 289),
(75312, 2018, '2019-04-30', '13:00:00', '14:00:00', 1, 59, 87, 289),
(75314, 2018, '2019-05-14', '13:00:00', '14:00:00', 1, 59, 87, 289),
(75315, 2018, '2019-05-28', '13:00:00', '14:00:00', 1, 59, 87, 289),
(75316, 2018, '2019-06-04', '13:00:00', '14:00:00', 1, 59, 87, 289),
(75317, 2018, '2019-06-11', '13:00:00', '14:00:00', 1, 59, 87, 289),
(75318, 2018, '2018-10-16', '14:00:00', '15:00:00', 1, 54, 87, 289),
(75319, 2018, '2018-10-23', '14:00:00', '15:00:00', 1, 54, 87, 289),
(75322, 2018, '2018-11-13', '14:00:00', '15:00:00', 1, 54, 87, 289),
(75323, 2018, '2018-11-20', '14:00:00', '15:00:00', 1, 54, 87, 289),
(75325, 2018, '2018-12-04', '15:00:00', '17:00:00', 2, 54, 87, 289),
(75326, 2018, '2018-12-11', '15:00:00', '17:00:00', 2, 54, 87, 289),
(75327, 2018, '2018-12-18', '14:00:00', '15:00:00', 1, 54, 87, 289),
(75328, 2018, '2019-01-15', '14:00:00', '15:00:00', 1, 54, 87, 289),
(75329, 2018, '2019-01-22', '14:00:00', '15:00:00', 1, 54, 87, 289),
(75330, 2018, '2019-01-29', '14:00:00', '15:00:00', 1, 54, 87, 289),
(75331, 2018, '2019-02-05', '14:00:00', '15:00:00', 1, 54, 87, 289),
(75332, 2018, '2019-02-12', '14:00:00', '15:00:00', 1, 54, 87, 289),
(75333, 2018, '2019-02-26', '14:00:00', '15:00:00', 1, 54, 87, 289),
(75334, 2018, '2019-03-05', '14:00:00', '15:00:00', 1, 54, 87, 289),
(75336, 2018, '2019-03-19', '14:00:00', '15:00:00', 1, 54, 87, 289),
(75337, 2018, '2019-03-26', '14:00:00', '15:00:00', 1, 54, 87, 289),
(75338, 2018, '2019-04-02', '14:00:00', '15:00:00', 1, 54, 87, 289),
(75339, 2018, '2019-04-09', '14:00:00', '15:00:00', 1, 54, 87, 289),
(75340, 2018, '2019-04-23', '14:00:00', '15:00:00', 1, 54, 87, 289),
(75341, 2018, '2019-04-30', '14:00:00', '15:00:00', 1, 54, 87, 289),
(75342, 2018, '2019-05-07', '13:00:00', '15:00:00', 2, 54, 87, 289),
(75343, 2018, '2019-05-14', '14:00:00', '15:00:00', 1, 54, 87, 289),
(75344, 2018, '2019-05-28', '14:00:00', '15:00:00', 1, 54, 87, 289),
(75345, 2018, '2019-06-04', '14:00:00', '15:00:00', 1, 54, 87, 289),
(75346, 2018, '2019-06-11', '14:00:00', '15:00:00', 1, 54, 87, 289),
(75376, 2018, '2018-10-17', '08:00:00', '10:00:00', 2, 1, 4, 289),
(75377, 2018, '2018-10-24', '08:00:00', '10:00:00', 2, 1, 4, 289),
(75378, 2018, '2018-10-25', '08:00:00', '10:00:00', 2, 1, 4, 289),
(75379, 2018, '2018-11-07', '08:00:00', '10:00:00', 2, 1, 4, 289),
(75380, 2018, '2018-11-14', '08:00:00', '10:00:00', 2, 1, 4, 289),
(75381, 2018, '2018-11-21', '08:00:00', '10:00:00', 2, 1, 4, 289),
(75382, 2018, '2018-11-28', '08:00:00', '10:00:00', 2, 1, 4, 289),
(75383, 2018, '2018-12-05', '08:00:00', '10:00:00', 2, 1, 4, 289),
(75385, 2018, '2018-12-19', '08:00:00', '10:00:00', 2, 1, 4, 289),
(75386, 2018, '2019-01-16', '08:00:00', '10:00:00', 2, 1, 4, 289),
(75387, 2018, '2019-01-23', '08:00:00', '10:00:00', 2, 1, 4, 289),
(75388, 2018, '2019-01-30', '08:00:00', '10:00:00', 2, 1, 4, 289),
(75389, 2018, '2019-02-06', '08:00:00', '10:00:00', 2, 1, 4, 289),
(75390, 2018, '2019-02-13', '08:00:00', '10:00:00', 2, 1, 4, 289),
(75391, 2018, '2019-02-27', '08:00:00', '10:00:00', 2, 1, 4, 289),
(75392, 2018, '2019-03-06', '08:00:00', '10:00:00', 2, 1, 4, 289),
(75393, 2018, '2019-03-13', '08:00:00', '10:00:00', 2, 1, 4, 289),
(75394, 2018, '2019-03-20', '08:00:00', '10:00:00', 2, 1, 4, 289),
(75395, 2018, '2019-03-27', '08:00:00', '10:00:00', 2, 1, 4, 289),
(75396, 2018, '2019-04-03', '08:00:00', '10:00:00', 2, 1, 4, 289),
(75397, 2018, '2019-04-10', '08:00:00', '10:00:00', 2, 1, 4, 289),
(75398, 2018, '2019-04-24', '08:00:00', '10:00:00', 2, 1, 4, 289),
(75401, 2018, '2019-05-15', '08:00:00', '10:00:00', 2, 1, 4, 289),
(75402, 2018, '2019-05-29', '08:00:00', '10:00:00', 2, 1, 4, 289),
(75403, 2018, '2019-06-05', '08:00:00', '10:00:00', 2, 1, 4, 289),
(75404, 2018, '2019-06-12', '08:00:00', '10:00:00', 2, 1, 4, 289),
(75405, 2018, '2018-10-17', '08:00:00', '10:00:00', 2, 50, 294, 289),
(75406, 2018, '2018-10-24', '08:00:00', '10:00:00', 2, 50, 294, 289),
(75407, 2018, '2018-10-31', '08:00:00', '10:00:00', 2, 50, 294, 289),
(75408, 2018, '2018-11-07', '08:00:00', '10:00:00', 2, 50, 294, 289),
(75409, 2018, '2018-11-14', '08:00:00', '10:00:00', 2, 50, 294, 289),
(75410, 2018, '2018-11-21', '08:00:00', '10:00:00', 2, 50, 294, 289),
(75411, 2018, '2018-11-28', '08:00:00', '10:00:00', 2, 50, 294, 289),
(75412, 2018, '2018-12-05', '08:00:00', '10:00:00', 2, 50, 294, 289),
(75414, 2018, '2018-12-19', '08:00:00', '10:00:00', 2, 50, 294, 289),
(75415, 2018, '2019-01-16', '08:00:00', '10:00:00', 2, 50, 294, 289),
(75416, 2018, '2019-01-23', '08:00:00', '10:00:00', 2, 50, 294, 289),
(75417, 2018, '2019-01-30', '08:00:00', '10:00:00', 2, 50, 294, 289),
(75418, 2018, '2019-02-06', '08:00:00', '10:00:00', 2, 50, 294, 289),
(75419, 2018, '2019-02-13', '08:00:00', '10:00:00', 2, 50, 294, 289),
(75420, 2018, '2019-02-27', '08:00:00', '10:00:00', 2, 50, 294, 289),
(75421, 2018, '2019-03-06', '08:00:00', '10:00:00', 2, 50, 294, 289),
(75422, 2018, '2019-03-13', '08:00:00', '10:00:00', 2, 50, 294, 289),
(75423, 2018, '2019-03-20', '08:00:00', '10:00:00', 2, 50, 294, 289),
(75424, 2018, '2019-03-27', '08:00:00', '10:00:00', 2, 50, 294, 289),
(75425, 2018, '2019-04-03', '08:00:00', '10:00:00', 2, 50, 294, 289),
(75426, 2018, '2019-04-10', '08:00:00', '10:00:00', 2, 50, 294, 289),
(75427, 2018, '2019-04-24', '08:00:00', '10:00:00', 2, 50, 294, 289),
(75430, 2018, '2019-05-15', '08:00:00', '10:00:00', 2, 50, 294, 289),
(75431, 2018, '2019-05-29', '08:00:00', '10:00:00', 2, 50, 294, 289),
(75432, 2018, '2019-06-05', '08:00:00', '10:00:00', 2, 50, 294, 289),
(75433, 2018, '2019-06-12', '08:00:00', '10:00:00', 2, 50, 294, 289),
(75434, 2018, '2018-10-17', '10:00:00', '12:00:00', 2, 12, 260, 289),
(75435, 2018, '2018-10-24', '10:00:00', '12:00:00', 2, 12, 260, 289),
(75436, 2018, '2018-10-31', '10:00:00', '12:00:00', 2, 12, 260, 289),
(75437, 2018, '2018-11-07', '10:00:00', '12:00:00', 2, 12, 260, 289),
(75438, 2018, '2018-11-14', '10:00:00', '12:00:00', 2, 12, 260, 289),
(75440, 2018, '2018-11-28', '10:00:00', '12:00:00', 2, 12, 260, 289),
(75441, 2018, '2018-12-05', '10:00:00', '12:00:00', 2, 12, 260, 289),
(75447, 2018, '2019-02-06', '10:00:00', '12:00:00', 2, 12, 260, 289),
(75448, 2018, '2019-02-13', '10:00:00', '12:00:00', 2, 12, 260, 289),
(75449, 2018, '2019-02-27', '10:00:00', '12:00:00', 2, 12, 260, 289),
(75450, 2018, '2019-03-06', '10:00:00', '12:00:00', 2, 12, 260, 289),
(75451, 2018, '2019-03-13', '10:00:00', '12:00:00', 2, 12, 260, 289),
(75452, 2018, '2019-03-20', '10:00:00', '12:00:00', 2, 12, 260, 289),
(75453, 2018, '2019-03-27', '10:00:00', '12:00:00', 2, 12, 260, 289),
(75454, 2018, '2019-04-03', '10:00:00', '12:00:00', 2, 12, 260, 289),
(75455, 2018, '2019-04-10', '10:00:00', '12:00:00', 2, 12, 260, 289),
(75456, 2018, '2019-04-24', '10:00:00', '12:00:00', 2, 12, 260, 289),
(75459, 2018, '2019-05-15', '10:00:00', '12:00:00', 2, 12, 260, 289),
(75460, 2018, '2019-05-29', '10:00:00', '12:00:00', 2, 12, 260, 289),
(75461, 2018, '2019-06-05', '10:00:00', '12:00:00', 2, 12, 260, 289),
(75462, 2018, '2019-06-12', '10:00:00', '12:00:00', 2, 12, 260, 289),
(75463, 2018, '2018-10-17', '13:00:00', '15:00:00', 2, 7, 89, 289),
(75464, 2018, '2018-10-24', '13:00:00', '15:00:00', 2, 7, 89, 289),
(75465, 2018, '2018-10-31', '13:00:00', '15:00:00', 2, 7, 89, 289),
(75466, 2018, '2018-11-07', '13:00:00', '15:00:00', 2, 7, 89, 289),
(75467, 2018, '2018-11-14', '13:00:00', '15:00:00', 2, 7, 89, 289),
(75468, 2018, '2018-11-21', '13:00:00', '15:00:00', 2, 7, 89, 289),
(75470, 2018, '2018-12-05', '13:00:00', '15:00:00', 2, 7, 89, 289),
(75471, 2018, '2018-12-12', '13:00:00', '15:00:00', 2, 7, 89, 289),
(75472, 2018, '2018-12-19', '13:00:00', '15:00:00', 2, 7, 89, 289),
(75521, 2018, '2018-10-18', '08:00:00', '10:00:00', 2, 19, 12, 289),
(75522, 2018, '2018-10-30', '10:00:00', '12:00:00', 2, 19, 12, 289),
(75524, 2018, '2018-11-08', '08:00:00', '10:00:00', 2, 19, 12, 289),
(75525, 2018, '2019-02-04', '14:00:00', '16:00:00', 2, 19, 12, 289),
(75526, 2018, '2018-11-22', '08:00:00', '10:00:00', 2, 19, 12, 289),
(75527, 2018, '2018-11-29', '08:00:00', '10:00:00', 2, 19, 12, 289),
(75528, 2018, '2019-03-12', '08:00:00', '10:00:00', 2, 19, 12, 289),
(75529, 2018, '2018-12-13', '08:00:00', '10:00:00', 2, 19, 12, 289),
(75530, 2018, '2018-12-20', '08:00:00', '10:00:00', 2, 19, 12, 289),
(75531, 2018, '2019-01-17', '08:00:00', '10:00:00', 2, 19, 12, 289),
(75532, 2018, '2019-01-24', '08:00:00', '10:00:00', 2, 19, 12, 289),
(75533, 2018, '2019-01-31', '08:00:00', '10:00:00', 2, 19, 12, 289),
(75534, 2018, '2019-02-13', '14:00:00', '16:00:00', 2, 19, 12, 289),
(75535, 2018, '2019-02-14', '08:00:00', '10:00:00', 2, 19, 12, 289),
(75536, 2018, '2019-02-28', '08:00:00', '10:00:00', 2, 19, 12, 289),
(75537, 2018, '2019-03-07', '08:00:00', '10:00:00', 2, 19, 12, 289),
(75538, 2018, '2019-03-14', '08:00:00', '10:00:00', 2, 19, 12, 289),
(75539, 2018, '2019-03-21', '08:00:00', '10:00:00', 2, 19, 12, 289),
(75540, 2018, '2019-03-28', '08:00:00', '10:00:00', 2, 19, 12, 289),
(75541, 2018, '2019-04-04', '08:00:00', '10:00:00', 2, 19, 12, 289),
(75543, 2018, '2019-04-25', '08:00:00', '10:00:00', 2, 19, 12, 289),
(75544, 2018, '2019-05-02', '08:00:00', '10:00:00', 2, 19, 12, 289),
(75545, 2018, '2019-05-09', '08:00:00', '10:00:00', 2, 19, 12, 289),
(75546, 2018, '2019-05-16', '08:00:00', '10:00:00', 2, 19, 12, 289),
(75548, 2018, '2019-06-06', '08:00:00', '10:00:00', 2, 19, 12, 289),
(75549, 2018, '2019-06-13', '08:00:00', '10:00:00', 2, 19, 12, 289),
(75550, 2018, '2018-10-18', '10:00:00', '12:00:00', 2, 66, 12, 289),
(75553, 2018, '2018-11-08', '10:00:00', '12:00:00', 2, 66, 12, 289),
(75554, 2018, '2019-05-06', '15:30:00', '17:30:00', 2, 66, 12, 289),
(75555, 2018, '2018-11-22', '10:00:00', '12:00:00', 2, 66, 12, 289),
(75556, 2018, '2018-11-29', '10:00:00', '12:00:00', 2, 66, 12, 289),
(75557, 2018, '2019-03-12', '10:00:00', '12:00:00', 2, 66, 12, 289),
(75558, 2018, '2018-12-13', '10:00:00', '12:00:00', 2, 66, 12, 289),
(75559, 2018, '2018-12-20', '10:00:00', '12:00:00', 2, 66, 12, 289),
(75560, 2018, '2019-01-17', '10:00:00', '12:00:00', 2, 66, 12, 289),
(75561, 2018, '2019-01-24', '10:00:00', '12:00:00', 2, 66, 12, 289),
(75562, 2018, '2019-01-31', '10:00:00', '12:00:00', 2, 66, 12, 289),
(75563, 2018, '2019-02-13', '16:00:00', '18:00:00', 2, 66, 12, 289),
(75564, 2018, '2019-02-14', '10:00:00', '12:00:00', 2, 66, 12, 289),
(75565, 2018, '2019-02-28', '10:00:00', '12:00:00', 2, 66, 12, 289),
(75566, 2018, '2019-03-07', '10:00:00', '12:00:00', 2, 66, 12, 289),
(75567, 2018, '2019-03-14', '10:00:00', '12:00:00', 2, 66, 12, 289),
(75568, 2018, '2019-03-21', '10:00:00', '12:00:00', 2, 66, 12, 289),
(75569, 2018, '2019-03-28', '10:00:00', '12:00:00', 2, 66, 12, 289),
(75570, 2018, '2019-04-04', '10:00:00', '12:00:00', 2, 66, 12, 289),
(75572, 2018, '2019-04-25', '10:00:00', '12:00:00', 2, 66, 12, 289),
(75573, 2018, '2019-05-02', '10:00:00', '12:00:00', 2, 66, 12, 289),
(75574, 2018, '2019-05-09', '10:00:00', '12:00:00', 2, 66, 12, 289),
(75575, 2018, '2019-05-16', '10:00:00', '12:00:00', 2, 66, 12, 289),
(75577, 2018, '2019-06-06', '10:00:00', '12:00:00', 2, 66, 12, 289),
(75578, 2018, '2019-06-13', '10:00:00', '12:00:00', 2, 66, 12, 289),
(75579, 2018, '2018-10-18', '13:00:00', '15:00:00', 2, 73, 87, 289),
(75582, 2018, '2018-11-08', '13:00:00', '15:00:00', 2, 73, 87, 289),
(75583, 2018, '2019-05-07', '08:00:00', '10:00:00', 2, 73, 87, 289),
(75584, 2018, '2018-11-22', '13:00:00', '15:00:00', 2, 73, 87, 289),
(75585, 2018, '2018-11-29', '13:00:00', '15:00:00', 2, 73, 87, 289),
(75586, 2018, '2018-12-06', '13:00:00', '15:00:00', 2, 73, 87, 289),
(75587, 2018, '2018-12-13', '13:00:00', '15:00:00', 2, 73, 87, 289),
(75588, 2018, '2018-12-20', '13:00:00', '15:00:00', 2, 73, 87, 289),
(75589, 2018, '2019-01-17', '13:00:00', '15:00:00', 2, 73, 87, 289),
(75590, 2018, '2019-01-24', '13:00:00', '15:00:00', 2, 73, 87, 289),
(75591, 2018, '2019-01-31', '13:00:00', '15:00:00', 2, 73, 87, 289),
(75592, 2018, '2019-02-07', '13:00:00', '15:00:00', 2, 73, 87, 289),
(75593, 2018, '2019-02-14', '13:00:00', '15:00:00', 2, 73, 87, 289),
(75594, 2018, '2019-02-28', '13:00:00', '15:00:00', 2, 73, 87, 289),
(75595, 2018, '2019-03-07', '13:00:00', '15:00:00', 2, 73, 87, 289),
(75596, 2018, '2019-03-14', '13:00:00', '15:00:00', 2, 73, 87, 289),
(75597, 2018, '2019-03-21', '13:00:00', '15:00:00', 2, 73, 87, 289),
(75598, 2018, '2019-03-28', '13:00:00', '15:00:00', 2, 73, 87, 289),
(75599, 2018, '2019-04-04', '13:00:00', '15:00:00', 2, 73, 87, 289),
(75600, 2018, '2019-04-11', '13:00:00', '15:00:00', 2, 73, 87, 289),
(75602, 2018, '2019-05-02', '13:00:00', '15:00:00', 2, 73, 87, 289),
(75603, 2018, '2019-05-09', '13:00:00', '15:00:00', 2, 73, 87, 289),
(75604, 2018, '2019-05-16', '13:00:00', '15:00:00', 2, 73, 87, 289),
(75606, 2018, '2019-06-06', '13:00:00', '15:00:00', 2, 73, 87, 289),
(75607, 2018, '2019-06-13', '13:00:00', '15:00:00', 2, 73, 87, 289),
(75608, 2018, '2018-10-16', '15:00:00', '17:00:00', 2, 4, 5, 289),
(75611, 2018, '2018-11-06', '15:00:00', '17:00:00', 2, 4, 5, 289),
(75612, 2018, '2018-11-13', '15:00:00', '17:00:00', 2, 4, 5, 289),
(75613, 2018, '2018-11-20', '15:00:00', '17:00:00', 2, 4, 5, 289),
(75614, 2018, '2018-11-27', '15:00:00', '17:00:00', 2, 4, 5, 289),
(75615, 2018, '2018-12-03', '14:00:00', '16:00:00', 2, 4, 5, 289),
(75616, 2018, '2018-12-10', '14:00:00', '16:00:00', 2, 4, 5, 289),
(75617, 2018, '2018-12-18', '15:00:00', '17:00:00', 2, 4, 5, 289),
(75618, 2018, '2019-01-15', '15:00:00', '17:00:00', 2, 4, 5, 289),
(75619, 2018, '2019-01-22', '15:00:00', '17:00:00', 2, 4, 5, 289),
(75620, 2018, '2019-01-29', '15:00:00', '17:00:00', 2, 4, 5, 289),
(75621, 2018, '2019-02-05', '15:00:00', '17:00:00', 2, 4, 5, 289),
(75622, 2018, '2019-02-12', '15:00:00', '17:00:00', 2, 4, 5, 289),
(75623, 2018, '2019-02-26', '15:00:00', '17:00:00', 2, 4, 5, 289),
(75624, 2018, '2019-03-05', '15:00:00', '17:00:00', 2, 4, 5, 289),
(75626, 2018, '2019-03-19', '15:00:00', '17:00:00', 2, 4, 5, 289),
(75627, 2018, '2019-03-26', '15:00:00', '17:00:00', 2, 4, 5, 289),
(75628, 2018, '2019-04-02', '15:00:00', '17:00:00', 2, 4, 5, 289),
(75629, 2018, '2019-04-09', '15:00:00', '17:00:00', 2, 4, 5, 289),
(75630, 2018, '2019-04-08', '14:00:00', '16:00:00', 2, 4, 5, 289),
(75631, 2018, '2019-04-30', '15:00:00', '17:00:00', 2, 4, 5, 289),
(75632, 2018, '2019-05-07', '15:00:00', '17:00:00', 2, 4, 5, 289),
(75633, 2018, '2019-05-14', '15:00:00', '17:00:00', 2, 4, 5, 289),
(75634, 2018, '2019-05-28', '15:00:00', '17:00:00', 2, 4, 5, 289),
(75635, 2018, '2019-06-04', '15:00:00', '17:00:00', 2, 4, 5, 289),
(75636, 2018, '2019-06-11', '15:00:00', '17:00:00', 2, 4, 5, 289),
(75637, 2018, '2018-10-05', '09:00:00', '13:00:00', 4, 62, 231, 289),
(75638, 2018, '2018-10-19', '09:00:00', '13:00:00', 4, 62, 231, 289),
(75639, 2018, '2018-11-16', '09:00:00', '13:00:00', 4, 62, 231, 289),
(75640, 2018, '2018-11-30', '09:00:00', '13:00:00', 4, 62, 231, 289),
(75641, 2018, '2018-12-14', '09:00:00', '13:00:00', 4, 62, 231, 289),
(75642, 2018, '2019-01-11', '09:00:00', '13:00:00', 4, 62, 231, 289),
(75643, 2018, '2019-01-25', '09:00:00', '13:00:00', 4, 62, 231, 289),
(75644, 2018, '2019-02-08', '09:00:00', '13:00:00', 4, 62, 231, 289),
(75645, 2018, '2019-03-08', '09:00:00', '13:00:00', 4, 62, 231, 289),
(75646, 2018, '2019-03-22', '09:00:00', '13:00:00', 4, 62, 231, 289),
(75647, 2018, '2019-04-05', '09:00:00', '13:00:00', 4, 62, 231, 289),
(75648, 2018, '2019-05-03', '09:00:00', '13:00:00', 4, 62, 231, 289),
(75649, 2018, '2019-05-17', '09:00:00', '13:00:00', 4, 62, 231, 289),
(75650, 2018, '2019-05-24', '09:00:00', '13:00:00', 4, 62, 231, 289),
(75651, 2018, '2018-10-12', '09:00:00', '13:00:00', 4, 62, 231, 289),
(75652, 2018, '2018-10-26', '09:00:00', '13:00:00', 4, 62, 231, 289),
(75653, 2018, '2018-11-09', '09:00:00', '13:00:00', 4, 62, 231, 289),
(75654, 2018, '2018-11-23', '09:00:00', '13:00:00', 4, 62, 231, 289),
(75655, 2018, '2018-12-07', '09:00:00', '13:00:00', 4, 62, 231, 289),
(75656, 2018, '2019-01-18', '09:00:00', '13:00:00', 4, 62, 231, 289),
(75657, 2018, '2019-02-01', '09:00:00', '13:00:00', 4, 62, 231, 289),
(75658, 2018, '2019-02-15', '09:00:00', '13:00:00', 4, 62, 231, 289),
(75659, 2018, '2019-03-01', '09:00:00', '13:00:00', 4, 62, 231, 289),
(75660, 2018, '2019-03-15', '09:00:00', '13:00:00', 4, 62, 231, 289),
(75661, 2018, '2019-03-29', '09:00:00', '13:00:00', 4, 62, 231, 289),
(75662, 2018, '2019-04-26', '09:00:00', '13:00:00', 4, 62, 231, 289),
(75663, 2018, '2019-05-10', '09:00:00', '13:00:00', 4, 62, 231, 289),
(75664, 2018, '2019-06-07', '09:00:00', '13:00:00', 4, 62, 231, 289),
(75665, 2018, '2018-10-30', '13:00:00', '15:00:00', 2, 12, 260, 289),
(75666, 2018, '2018-10-03', '15:00:00', '16:30:00', 1.5, 4, 5, 289),
(75667, 2018, '2018-10-10', '13:30:00', '15:00:00', 1.5, 4, 5, 289),
(75668, 2018, '2018-10-17', '15:00:00', '16:30:00', 1.5, 4, 5, 289),
(75670, 2018, '2018-10-31', '15:00:00', '16:30:00', 1.5, 4, 5, 289),
(75671, 2018, '2018-11-07', '15:00:00', '16:30:00', 1.5, 4, 5, 289),
(75672, 2018, '2018-11-14', '15:00:00', '16:30:00', 1.5, 4, 5, 289),
(75673, 2018, '2018-11-21', '15:00:00', '17:00:00', 2, 4, 5, 289),
(75675, 2018, '2018-12-05', '15:00:00', '16:30:00', 1.5, 4, 5, 289),
(75676, 2018, '2018-12-12', '15:00:00', '16:30:00', 1.5, 4, 5, 289),
(75677, 2018, '2018-12-19', '15:00:00', '16:30:00', 1.5, 4, 5, 289),
(75678, 2018, '2019-01-16', '14:00:00', '15:30:00', 1.5, 4, 5, 289),
(75679, 2018, '2019-01-23', '14:00:00', '15:30:00', 1.5, 4, 5, 289),
(75680, 2018, '2019-01-30', '10:00:00', '11:30:00', 1.5, 4, 5, 289),
(75681, 2018, '2019-02-06', '15:00:00', '17:00:00', 2, 4, 5, 289),
(75683, 2018, '2019-02-27', '15:00:00', '17:00:00', 2, 4, 5, 289),
(75684, 2018, '2019-03-06', '15:00:00', '17:00:00', 2, 4, 5, 289),
(75685, 2018, '2019-03-13', '15:00:00', '17:00:00', 2, 4, 5, 289),
(75686, 2018, '2019-03-20', '15:00:00', '16:30:00', 1.5, 4, 5, 289),
(75687, 2018, '2019-03-27', '15:00:00', '16:30:00', 1.5, 4, 5, 289),
(75688, 2018, '2019-04-03', '15:00:00', '17:00:00', 2, 4, 5, 289),
(75689, 2018, '2019-04-10', '15:00:00', '16:30:00', 1.5, 4, 5, 289),
(75690, 2018, '2019-04-29', '14:00:00', '15:30:00', 1.5, 4, 5, 289),
(75691, 2018, '2019-05-15', '15:00:00', '16:30:00', 1.5, 4, 5, 289),
(75692, 2018, '2019-05-29', '15:00:00', '16:30:00', 1.5, 4, 5, 289),
(75693, 2018, '2019-06-05', '15:00:00', '16:30:00', 1.5, 4, 5, 289),
(75694, 2018, '2019-06-12', '15:00:00', '16:30:00', 1.5, 4, 5, 289),
(75695, 2018, '2018-10-04', '15:00:00', '16:30:00', 1.5, 4, 5, 289),
(75696, 2018, '2018-10-11', '15:00:00', '16:30:00', 1.5, 4, 5, 289),
(75697, 2018, '2018-10-18', '15:00:00', '16:30:00', 1.5, 4, 5, 289),
(75699, 2018, '2018-11-08', '15:00:00', '16:30:00', 1.5, 4, 5, 289),
(75701, 2018, '2018-11-22', '15:00:00', '16:30:00', 1.5, 4, 5, 289),
(75702, 2018, '2018-11-29', '15:00:00', '16:30:00', 1.5, 4, 5, 289),
(75703, 2018, '2018-12-06', '15:00:00', '16:30:00', 1.5, 4, 5, 289),
(75704, 2018, '2018-12-13', '15:00:00', '16:30:00', 1.5, 4, 5, 289),
(75705, 2018, '2018-12-20', '15:00:00', '16:30:00', 1.5, 4, 5, 289),
(75706, 2018, '2019-01-17', '15:00:00', '16:30:00', 1.5, 4, 5, 289),
(75707, 2018, '2019-01-24', '15:00:00', '16:30:00', 1.5, 4, 5, 289),
(75708, 2018, '2019-01-31', '15:00:00', '16:30:00', 1.5, 4, 5, 289),
(75710, 2018, '2019-02-14', '15:00:00', '17:00:00', 2, 4, 5, 289),
(75711, 2018, '2019-02-28', '15:00:00', '16:30:00', 1.5, 4, 5, 289),
(75712, 2018, '2019-03-07', '15:00:00', '16:30:00', 1.5, 4, 5, 289),
(75713, 2018, '2019-03-14', '15:00:00', '16:30:00', 1.5, 4, 5, 289),
(75715, 2018, '2019-03-28', '15:00:00', '16:30:00', 1.5, 4, 5, 289),
(75716, 2018, '2019-04-04', '15:00:00', '16:30:00', 1.5, 4, 5, 289),
(75717, 2018, '2019-04-11', '15:00:00', '16:30:00', 1.5, 4, 5, 289),
(75718, 2018, '2019-05-06', '14:00:00', '15:30:00', 1.5, 4, 5, 289),
(75719, 2018, '2019-05-02', '15:00:00', '16:30:00', 1.5, 4, 5, 289),
(75720, 2018, '2019-05-09', '15:00:00', '16:30:00', 1.5, 4, 5, 289),
(75721, 2018, '2019-05-16', '15:00:00', '16:30:00', 1.5, 4, 5, 289),
(75723, 2018, '2019-06-06', '15:00:00', '16:30:00', 1.5, 4, 5, 289),
(75724, 2018, '2019-06-13', '15:00:00', '16:30:00', 1.5, 4, 5, 289),
(75725, 2018, '2018-10-30', '15:00:00', '17:00:00', 2, 4, 5, 289),
(75726, 2018, '2019-03-18', '14:00:00', '15:30:00', 1.5, 4, 5, 289),
(75729, 2018, '2018-10-09', '10:00:00', '12:00:00', 2, 9, 236, 291),
(75730, 2018, '2018-10-09', '13:00:00', '14:00:00', 1, 14, 21, 291),
(75731, 2018, '2018-10-09', '14:00:00', '16:00:00', 2, 4, 16, 291),
(75732, 2018, '2018-10-09', '14:00:00', '16:00:00', 2, 9, 231, 291),
(75733, 2018, '2018-10-09', '16:00:00', '18:00:00', 2, 16, 12, 291),
(75738, 2018, '2018-10-11', '14:00:00', '16:00:00', 2, 57, 32, 291),
(75739, 2018, '2018-10-11', '16:00:00', '18:00:00', 2, 68, 32, 291),
(75741, 2018, '2018-10-08', '10:00:00', '12:00:00', 2, 14, 21, 291),
(75742, 2018, '2018-10-08', '08:00:00', '10:00:00', 2, 4, 16, 291),
(75743, 2018, '2018-10-09', '08:00:00', '10:00:00', 2, 6, 128, 291),
(75744, 2018, '2018-10-02', '13:00:00', '14:00:00', 1, 14, 21, 291),
(75745, 2018, '2018-10-16', '08:00:00', '10:00:00', 2, 6, 128, 291),
(75746, 2018, '2018-10-23', '08:00:00', '10:00:00', 2, 6, 128, 291),
(75747, 2018, '2018-10-30', '08:00:00', '10:00:00', 2, 6, 128, 291),
(75749, 2018, '2018-11-13', '08:00:00', '10:00:00', 2, 6, 128, 291),
(75750, 2018, '2018-11-20', '08:00:00', '10:00:00', 2, 6, 128, 291),
(75751, 2018, '2018-11-27', '08:00:00', '10:00:00', 2, 6, 128, 291),
(75752, 2018, '2018-12-04', '08:00:00', '10:00:00', 2, 6, 128, 291),
(75753, 2018, '2018-12-11', '08:00:00', '10:00:00', 2, 6, 128, 291),
(75754, 2018, '2018-12-18', '08:00:00', '10:00:00', 2, 6, 128, 291),
(75755, 2018, '2019-01-08', '08:00:00', '10:00:00', 2, 6, 128, 291),
(75756, 2018, '2019-01-15', '08:00:00', '10:00:00', 2, 6, 128, 291),
(75757, 2018, '2019-01-22', '08:00:00', '10:00:00', 2, 6, 128, 291),
(75758, 2018, '2019-01-29', '08:00:00', '10:00:00', 2, 6, 128, 291),
(75759, 2018, '2019-02-05', '08:00:00', '10:00:00', 2, 6, 128, 291),
(75760, 2018, '2019-02-12', '08:00:00', '10:00:00', 2, 6, 128, 291),
(75761, 2018, '2019-02-26', '08:00:00', '10:00:00', 2, 6, 128, 291),
(75762, 2018, '2019-03-05', '08:00:00', '10:00:00', 2, 6, 128, 291),
(75763, 2018, '2019-03-12', '08:00:00', '10:00:00', 2, 6, 128, 291),
(75764, 2018, '2019-03-19', '08:00:00', '10:00:00', 2, 6, 128, 291),
(75766, 2018, '2019-04-02', '08:00:00', '10:00:00', 2, 6, 128, 291),
(75767, 2018, '2019-04-09', '08:00:00', '10:00:00', 2, 6, 128, 291),
(75768, 2018, '2019-04-23', '08:00:00', '10:00:00', 2, 6, 128, 291),
(75769, 2018, '2019-04-30', '08:00:00', '10:00:00', 2, 6, 128, 291),
(75770, 2018, '2019-05-07', '08:00:00', '10:00:00', 2, 6, 128, 291),
(75771, 2018, '2019-05-14', '08:00:00', '10:00:00', 2, 6, 128, 291),
(75772, 2018, '2019-05-21', '08:00:00', '10:00:00', 2, 6, 128, 291),
(75773, 2018, '2019-05-28', '08:00:00', '10:00:00', 2, 6, 128, 291),
(75774, 2018, '2019-06-04', '08:00:00', '10:00:00', 2, 6, 128, 291),
(75775, 2018, '2019-06-11', '08:00:00', '10:00:00', 2, 6, 128, 291),
(75776, 2018, '2019-06-18', '08:00:00', '10:00:00', 2, 6, 128, 291),
(75777, 2018, '2019-06-25', '08:00:00', '10:00:00', 2, 6, 128, 291),
(75778, 2018, '2019-07-02', '08:00:00', '10:00:00', 2, 6, 128, 291),
(75779, 2018, '2018-10-16', '10:00:00', '12:00:00', 2, 9, 236, 291),
(75780, 2018, '2018-10-23', '10:00:00', '12:00:00', 2, 9, 236, 291),
(75781, 2018, '2018-10-30', '10:00:00', '12:00:00', 2, 9, 236, 291),
(75783, 2018, '2018-11-13', '10:00:00', '12:00:00', 2, 9, 236, 291),
(75784, 2018, '2018-11-20', '10:00:00', '12:00:00', 2, 9, 236, 291),
(75785, 2018, '2018-11-27', '10:00:00', '12:00:00', 2, 9, 236, 291),
(75786, 2018, '2018-12-04', '10:00:00', '12:00:00', 2, 9, 236, 291),
(75787, 2018, '2018-12-11', '10:00:00', '12:00:00', 2, 9, 236, 291),
(75788, 2018, '2018-12-18', '10:00:00', '12:00:00', 2, 9, 236, 291),
(75789, 2018, '2019-01-08', '10:00:00', '12:00:00', 2, 9, 236, 291),
(75790, 2018, '2019-01-15', '10:00:00', '12:00:00', 2, 9, 236, 291),
(75791, 2018, '2019-01-22', '10:00:00', '12:00:00', 2, 9, 236, 291),
(75792, 2018, '2019-01-29', '10:00:00', '12:00:00', 2, 9, 236, 291),
(75793, 2018, '2019-02-05', '10:00:00', '12:00:00', 2, 9, 236, 291),
(75794, 2018, '2019-02-12', '10:00:00', '12:00:00', 2, 9, 236, 291),
(75795, 2018, '2019-02-26', '10:00:00', '12:00:00', 2, 9, 236, 291),
(75796, 2018, '2019-03-05', '10:00:00', '12:00:00', 2, 9, 236, 291),
(75797, 2018, '2019-03-12', '10:00:00', '12:00:00', 2, 9, 236, 291),
(75798, 2018, '2019-03-19', '10:00:00', '12:00:00', 2, 9, 236, 291),
(75800, 2018, '2019-04-02', '10:00:00', '12:00:00', 2, 9, 236, 291),
(75801, 2018, '2019-04-09', '10:00:00', '12:00:00', 2, 9, 236, 291),
(75802, 2018, '2019-04-23', '10:00:00', '12:00:00', 2, 9, 236, 291),
(75803, 2018, '2019-04-30', '10:00:00', '12:00:00', 2, 9, 236, 291),
(75804, 2018, '2019-05-07', '10:00:00', '12:00:00', 2, 9, 236, 291),
(75805, 2018, '2019-05-14', '10:00:00', '12:00:00', 2, 9, 236, 291),
(75806, 2018, '2019-05-21', '10:00:00', '12:00:00', 2, 9, 236, 291),
(75807, 2018, '2019-05-28', '10:00:00', '12:00:00', 2, 9, 236, 291),
(75808, 2018, '2019-06-04', '10:00:00', '12:00:00', 2, 9, 236, 291),
(75809, 2018, '2019-06-11', '10:00:00', '12:00:00', 2, 9, 236, 291),
(75810, 2018, '2019-06-18', '10:00:00', '12:00:00', 2, 9, 236, 291),
(75811, 2018, '2019-06-25', '10:00:00', '12:00:00', 2, 9, 236, 291),
(75812, 2018, '2019-07-02', '10:00:00', '12:00:00', 2, 9, 236, 291),
(75813, 2018, '2018-10-16', '13:00:00', '14:00:00', 1, 14, 21, 291),
(75814, 2018, '2018-10-23', '13:00:00', '16:00:00', 3, 14, 21, 291),
(75815, 2018, '2018-10-30', '13:00:00', '14:00:00', 1, 14, 21, 291),
(75816, 2018, '2018-11-06', '13:00:00', '14:00:00', 1, 14, 21, 291),
(75818, 2018, '2018-11-20', '13:00:00', '14:00:00', 1, 14, 21, 291),
(75819, 2018, '2018-11-27', '13:00:00', '14:00:00', 1, 14, 21, 291),
(75820, 2018, '2018-12-04', '13:00:00', '14:00:00', 1, 14, 21, 291),
(75821, 2018, '2018-12-11', '13:00:00', '14:00:00', 1, 14, 21, 291),
(75822, 2018, '2018-12-18', '13:00:00', '14:00:00', 1, 14, 21, 291),
(75823, 2018, '2019-01-08', '13:00:00', '14:00:00', 1, 14, 21, 291),
(75824, 2018, '2019-01-15', '13:00:00', '14:00:00', 1, 14, 21, 291),
(75825, 2018, '2019-01-22', '13:00:00', '14:00:00', 1, 14, 21, 291),
(75826, 2018, '2019-01-29', '13:00:00', '14:00:00', 1, 14, 21, 291),
(75828, 2018, '2019-02-12', '13:00:00', '14:00:00', 1, 14, 21, 291),
(75829, 2018, '2019-02-26', '13:00:00', '14:00:00', 1, 14, 21, 291),
(75830, 2018, '2019-03-05', '13:00:00', '14:00:00', 1, 14, 21, 291),
(75831, 2018, '2019-03-12', '13:00:00', '14:00:00', 1, 14, 21, 291),
(75832, 2018, '2019-03-19', '13:00:00', '14:00:00', 1, 14, 21, 291),
(75833, 2018, '2019-03-26', '13:00:00', '14:00:00', 1, 14, 21, 291),
(75834, 2018, '2019-04-02', '13:00:00', '14:00:00', 1, 14, 21, 291),
(75835, 2018, '2019-04-09', '13:00:00', '14:00:00', 1, 14, 21, 291),
(75836, 2018, '2019-04-23', '13:00:00', '14:00:00', 1, 14, 21, 291),
(75837, 2018, '2019-04-30', '13:00:00', '14:00:00', 1, 14, 21, 291),
(75838, 2018, '2019-05-07', '13:00:00', '14:00:00', 1, 14, 21, 291);
INSERT INTO `courses` (`course_id`, `academic_year`, `course_date`, `start_time`, `end_time`, `course_duration`, `subject_id`, `professor_id`, `class_id`) VALUES
(75839, 2018, '2019-05-14', '13:00:00', '14:00:00', 1, 14, 21, 291),
(75840, 2018, '2019-05-21', '13:00:00', '14:00:00', 1, 14, 21, 291),
(75841, 2018, '2019-05-28', '13:00:00', '14:00:00', 1, 14, 21, 291),
(75842, 2018, '2019-06-04', '13:00:00', '14:00:00', 1, 14, 21, 291),
(75843, 2018, '2019-06-11', '13:00:00', '14:00:00', 1, 14, 21, 291),
(75844, 2018, '2019-06-18', '13:00:00', '14:00:00', 1, 14, 21, 291),
(75845, 2018, '2019-06-25', '13:00:00', '14:00:00', 1, 14, 21, 291),
(75846, 2018, '2019-07-02', '13:00:00', '14:00:00', 1, 14, 21, 291),
(75847, 2018, '2018-10-16', '14:00:00', '16:00:00', 2, 4, 16, 291),
(75849, 2018, '2018-10-30', '14:00:00', '16:00:00', 2, 4, 16, 291),
(75850, 2018, '2018-11-06', '14:00:00', '16:00:00', 2, 4, 16, 291),
(75851, 2018, '2018-11-13', '13:00:00', '16:00:00', 3, 4, 16, 291),
(75852, 2018, '2018-11-20', '14:00:00', '16:00:00', 2, 4, 16, 291),
(75854, 2018, '2018-12-04', '14:00:00', '16:00:00', 2, 4, 16, 291),
(75855, 2018, '2018-12-11', '14:00:00', '16:00:00', 2, 4, 16, 291),
(75856, 2018, '2018-12-18', '14:00:00', '16:00:00', 2, 4, 16, 291),
(75857, 2018, '2019-01-08', '14:00:00', '16:00:00', 2, 4, 16, 291),
(75858, 2018, '2019-01-15', '14:00:00', '16:00:00', 2, 4, 16, 291),
(75859, 2018, '2019-01-22', '14:00:00', '16:00:00', 2, 4, 16, 291),
(75860, 2018, '2019-01-29', '14:00:00', '16:00:00', 2, 4, 16, 291),
(75861, 2018, '2019-02-05', '14:00:00', '16:00:00', 2, 4, 16, 291),
(75862, 2018, '2019-02-12', '14:00:00', '16:00:00', 2, 4, 16, 291),
(75863, 2018, '2019-02-26', '14:00:00', '16:00:00', 2, 4, 16, 291),
(75864, 2018, '2019-03-05', '14:00:00', '16:00:00', 2, 4, 16, 291),
(75865, 2018, '2019-03-12', '14:00:00', '16:00:00', 2, 4, 16, 291),
(75866, 2018, '2019-03-19', '14:00:00', '16:00:00', 2, 4, 16, 291),
(75867, 2018, '2019-03-26', '14:00:00', '16:00:00', 2, 4, 16, 291),
(75869, 2018, '2019-04-09', '14:00:00', '16:00:00', 2, 4, 16, 291),
(75870, 2018, '2019-04-23', '14:00:00', '16:00:00', 2, 4, 16, 291),
(75871, 2018, '2019-04-30', '14:00:00', '16:00:00', 2, 4, 16, 291),
(75872, 2018, '2019-05-07', '14:00:00', '16:00:00', 2, 4, 16, 291),
(75873, 2018, '2019-05-14', '14:00:00', '16:00:00', 2, 4, 16, 291),
(75874, 2018, '2019-05-21', '14:00:00', '16:00:00', 2, 4, 16, 291),
(75875, 2018, '2019-05-28', '14:00:00', '16:00:00', 2, 4, 16, 291),
(75876, 2018, '2019-06-04', '14:00:00', '16:00:00', 2, 4, 16, 291),
(75877, 2018, '2019-06-11', '14:00:00', '16:00:00', 2, 4, 16, 291),
(75878, 2018, '2019-06-18', '14:00:00', '16:00:00', 2, 4, 16, 291),
(75879, 2018, '2019-06-25', '14:00:00', '16:00:00', 2, 4, 16, 291),
(75880, 2018, '2019-07-02', '14:00:00', '16:00:00', 2, 4, 16, 291),
(75881, 2018, '2018-10-16', '16:00:00', '18:00:00', 2, 16, 12, 291),
(75882, 2018, '2018-10-23', '16:00:00', '18:00:00', 2, 16, 12, 291),
(75883, 2018, '2018-10-30', '16:00:00', '18:00:00', 2, 16, 12, 291),
(75884, 2018, '2018-11-06', '16:00:00', '18:00:00', 2, 16, 12, 291),
(75885, 2018, '2018-11-13', '16:00:00', '18:00:00', 2, 16, 12, 291),
(75886, 2018, '2018-11-20', '16:00:00', '18:00:00', 2, 16, 12, 291),
(75888, 2018, '2018-12-04', '16:00:00', '18:00:00', 2, 16, 12, 291),
(75889, 2018, '2018-12-11', '16:00:00', '18:00:00', 2, 16, 12, 291),
(75890, 2018, '2018-12-18', '16:00:00', '18:00:00', 2, 16, 12, 291),
(75891, 2018, '2019-01-08', '16:00:00', '18:00:00', 2, 16, 12, 291),
(75892, 2018, '2019-01-15', '16:00:00', '18:00:00', 2, 16, 12, 291),
(75893, 2018, '2019-01-22', '16:00:00', '18:00:00', 2, 16, 12, 291),
(75894, 2018, '2019-01-29', '16:00:00', '18:00:00', 2, 16, 12, 291),
(75896, 2018, '2019-02-12', '16:00:00', '18:00:00', 2, 16, 12, 291),
(75897, 2018, '2019-02-26', '16:00:00', '18:00:00', 2, 16, 12, 291),
(75898, 2018, '2019-03-05', '16:00:00', '18:00:00', 2, 16, 12, 291),
(75899, 2018, '2019-03-12', '16:00:00', '18:00:00', 2, 16, 12, 291),
(75900, 2018, '2019-03-19', '16:00:00', '18:00:00', 2, 16, 12, 291),
(75901, 2018, '2019-03-26', '16:00:00', '18:00:00', 2, 16, 12, 291),
(75903, 2018, '2019-04-09', '16:00:00', '18:00:00', 2, 16, 12, 291),
(75904, 2018, '2019-04-23', '16:00:00', '18:00:00', 2, 16, 12, 291),
(75905, 2018, '2019-04-30', '16:00:00', '18:00:00', 2, 16, 12, 291),
(75906, 2018, '2019-05-07', '16:00:00', '18:00:00', 2, 16, 12, 291),
(75907, 2018, '2019-05-14', '16:00:00', '18:00:00', 2, 16, 12, 291),
(75908, 2018, '2019-05-21', '16:00:00', '18:00:00', 2, 16, 12, 291),
(75909, 2018, '2019-05-28', '16:00:00', '18:00:00', 2, 16, 12, 291),
(75910, 2018, '2019-06-04', '16:00:00', '18:00:00', 2, 16, 12, 291),
(75911, 2018, '2019-06-11', '16:00:00', '18:00:00', 2, 16, 12, 291),
(75912, 2018, '2019-06-18', '16:00:00', '18:00:00', 2, 16, 12, 291),
(75913, 2018, '2019-06-25', '16:00:00', '18:00:00', 2, 16, 12, 291),
(75914, 2018, '2019-07-02', '16:00:00', '18:00:00', 2, 16, 12, 291),
(75915, 2018, '2018-10-18', '08:00:00', '10:00:00', 2, 1, 89, 291),
(75916, 2018, '2018-10-25', '08:00:00', '10:00:00', 2, 1, 89, 291),
(75918, 2018, '2018-11-08', '08:00:00', '10:00:00', 2, 1, 89, 291),
(75919, 2018, '2018-11-15', '08:00:00', '10:00:00', 2, 1, 89, 291),
(75920, 2018, '2018-11-22', '08:00:00', '10:00:00', 2, 1, 89, 291),
(75921, 2018, '2018-11-29', '08:00:00', '10:00:00', 2, 1, 89, 291),
(75922, 2018, '2018-12-06', '08:00:00', '10:00:00', 2, 1, 89, 291),
(75923, 2018, '2018-12-13', '08:00:00', '10:00:00', 2, 1, 89, 291),
(75925, 2018, '2019-01-10', '08:00:00', '10:00:00', 2, 1, 89, 291),
(75926, 2018, '2019-01-17', '08:00:00', '10:00:00', 2, 1, 89, 291),
(75927, 2018, '2019-01-24', '08:00:00', '10:00:00', 2, 1, 89, 291),
(75928, 2018, '2019-01-31', '08:00:00', '10:00:00', 2, 1, 89, 291),
(75929, 2018, '2019-02-07', '08:00:00', '10:00:00', 2, 1, 89, 291),
(75930, 2018, '2019-02-14', '08:00:00', '10:00:00', 2, 1, 89, 291),
(75931, 2018, '2019-02-28', '08:00:00', '10:00:00', 2, 1, 89, 291),
(75932, 2018, '2019-03-07', '08:00:00', '10:00:00', 2, 1, 89, 291),
(75933, 2018, '2019-03-14', '08:00:00', '10:00:00', 2, 1, 89, 291),
(75934, 2018, '2019-03-21', '08:00:00', '10:00:00', 2, 1, 89, 291),
(75935, 2018, '2019-03-28', '08:00:00', '10:00:00', 2, 1, 89, 291),
(75936, 2018, '2019-04-04', '08:00:00', '10:00:00', 2, 1, 89, 291),
(75937, 2018, '2019-04-11', '08:00:00', '10:00:00', 2, 1, 89, 291),
(75938, 2018, '2019-04-25', '08:00:00', '10:00:00', 2, 1, 89, 291),
(75939, 2018, '2019-05-02', '08:00:00', '10:00:00', 2, 1, 89, 291),
(75940, 2018, '2019-05-09', '08:00:00', '10:00:00', 2, 1, 89, 291),
(75942, 2018, '2019-05-23', '08:00:00', '10:00:00', 2, 1, 89, 291),
(75944, 2018, '2019-06-06', '08:00:00', '10:00:00', 2, 1, 89, 291),
(75946, 2018, '2019-06-20', '08:00:00', '10:00:00', 2, 1, 89, 291),
(75947, 2018, '2019-06-27', '08:00:00', '10:00:00', 2, 1, 89, 291),
(75948, 2018, '2019-07-04', '08:00:00', '10:00:00', 2, 1, 89, 291),
(75949, 2018, '2018-10-18', '08:00:00', '10:00:00', 2, 50, 262, 291),
(75950, 2018, '2018-10-25', '08:00:00', '10:00:00', 2, 50, 262, 291),
(75952, 2018, '2018-11-08', '08:00:00', '10:00:00', 2, 50, 262, 291),
(75953, 2018, '2018-11-15', '08:00:00', '10:00:00', 2, 50, 262, 291),
(75954, 2018, '2018-11-22', '08:00:00', '10:00:00', 2, 50, 262, 291),
(75955, 2018, '2018-11-29', '08:00:00', '10:00:00', 2, 50, 262, 291),
(75956, 2018, '2018-12-06', '08:00:00', '10:00:00', 2, 50, 262, 291),
(75959, 2018, '2019-01-10', '08:00:00', '10:00:00', 2, 50, 262, 291),
(75960, 2018, '2019-01-17', '08:00:00', '10:00:00', 2, 50, 262, 291),
(75961, 2018, '2019-01-24', '08:00:00', '10:00:00', 2, 50, 262, 291),
(75962, 2018, '2019-01-31', '08:00:00', '10:00:00', 2, 50, 262, 291),
(75963, 2018, '2019-02-07', '08:00:00', '10:00:00', 2, 50, 262, 291),
(75964, 2018, '2019-02-14', '08:00:00', '10:00:00', 2, 50, 262, 291),
(75965, 2018, '2019-02-28', '08:00:00', '10:00:00', 2, 50, 262, 291),
(75966, 2018, '2019-03-07', '08:00:00', '10:00:00', 2, 50, 262, 291),
(75967, 2018, '2019-03-14', '08:00:00', '10:00:00', 2, 50, 262, 291),
(75968, 2018, '2019-03-21', '08:00:00', '10:00:00', 2, 50, 262, 291),
(75969, 2018, '2019-03-28', '08:00:00', '10:00:00', 2, 50, 262, 291),
(75970, 2018, '2019-04-04', '08:00:00', '10:00:00', 2, 50, 262, 291),
(75971, 2018, '2019-04-11', '08:00:00', '10:00:00', 2, 50, 262, 291),
(75972, 2018, '2019-04-25', '08:00:00', '10:00:00', 2, 50, 262, 291),
(75973, 2018, '2019-05-02', '08:00:00', '10:00:00', 2, 50, 262, 291),
(75974, 2018, '2019-05-09', '08:00:00', '10:00:00', 2, 50, 262, 291),
(75976, 2018, '2019-05-23', '08:00:00', '10:00:00', 2, 50, 262, 291),
(75978, 2018, '2019-06-06', '08:00:00', '10:00:00', 2, 50, 262, 291),
(75980, 2018, '2019-06-20', '08:00:00', '10:00:00', 2, 50, 262, 291),
(75981, 2018, '2019-06-27', '08:00:00', '10:00:00', 2, 50, 262, 291),
(75982, 2018, '2019-07-04', '08:00:00', '10:00:00', 2, 50, 262, 291),
(75983, 2018, '2018-10-18', '10:00:00', '11:00:00', 1, 69, 128, 291),
(75984, 2018, '2018-10-25', '10:00:00', '11:00:00', 1, 69, 128, 291),
(75986, 2018, '2018-11-08', '10:00:00', '11:00:00', 1, 69, 128, 291),
(75987, 2018, '2018-11-15', '10:00:00', '11:00:00', 1, 69, 128, 291),
(75988, 2018, '2018-11-22', '10:00:00', '11:00:00', 1, 69, 128, 291),
(75989, 2018, '2018-11-29', '10:00:00', '11:00:00', 1, 69, 128, 291),
(75990, 2018, '2018-12-06', '10:00:00', '11:00:00', 1, 69, 128, 291),
(75991, 2018, '2018-12-13', '10:00:00', '11:00:00', 1, 69, 128, 291),
(75993, 2018, '2019-01-10', '10:00:00', '11:00:00', 1, 69, 128, 291),
(75994, 2018, '2019-01-17', '10:00:00', '11:00:00', 1, 69, 128, 291),
(75995, 2018, '2019-01-24', '10:00:00', '11:00:00', 1, 69, 128, 291),
(75996, 2018, '2019-01-31', '10:00:00', '11:00:00', 1, 69, 128, 291),
(75997, 2018, '2019-02-07', '10:00:00', '11:00:00', 1, 69, 128, 291),
(75998, 2018, '2019-02-14', '10:00:00', '11:00:00', 1, 69, 128, 291),
(75999, 2018, '2019-02-28', '10:00:00', '11:00:00', 1, 69, 128, 291),
(76000, 2018, '2019-03-07', '10:00:00', '11:00:00', 1, 69, 128, 291),
(76001, 2018, '2019-03-14', '10:00:00', '11:00:00', 1, 69, 128, 291),
(76002, 2018, '2019-03-21', '10:00:00', '11:00:00', 1, 69, 128, 291),
(76003, 2018, '2019-03-28', '10:00:00', '11:00:00', 1, 69, 128, 291),
(76004, 2018, '2019-04-04', '10:00:00', '11:00:00', 1, 69, 128, 291),
(76005, 2018, '2019-04-11', '10:00:00', '11:00:00', 1, 69, 128, 291),
(76006, 2018, '2019-04-25', '10:00:00', '11:00:00', 1, 69, 128, 291),
(76007, 2018, '2019-05-02', '10:00:00', '11:00:00', 1, 69, 128, 291),
(76008, 2018, '2019-05-09', '10:00:00', '11:00:00', 1, 69, 128, 291),
(76010, 2018, '2019-05-23', '10:00:00', '11:00:00', 1, 69, 128, 291),
(76012, 2018, '2019-06-06', '10:00:00', '11:00:00', 1, 69, 128, 291),
(76014, 2018, '2019-06-20', '10:00:00', '11:00:00', 1, 69, 128, 291),
(76015, 2018, '2019-06-27', '10:00:00', '11:00:00', 1, 69, 128, 291),
(76016, 2018, '2019-07-04', '10:00:00', '11:00:00', 1, 69, 128, 291),
(76017, 2018, '2018-10-18', '11:00:00', '13:00:00', 2, 86, 128, 291),
(76018, 2018, '2018-10-25', '11:00:00', '13:00:00', 2, 86, 128, 291),
(76020, 2018, '2018-11-08', '11:00:00', '13:00:00', 2, 86, 128, 291),
(76021, 2018, '2018-11-15', '11:00:00', '13:00:00', 2, 86, 128, 291),
(76022, 2018, '2018-11-22', '11:00:00', '13:00:00', 2, 86, 128, 291),
(76023, 2018, '2018-11-29', '11:00:00', '13:00:00', 2, 86, 128, 291),
(76024, 2018, '2018-12-06', '11:00:00', '13:00:00', 2, 86, 128, 291),
(76025, 2018, '2018-12-13', '11:00:00', '13:00:00', 2, 86, 128, 291),
(76027, 2018, '2019-01-10', '11:00:00', '13:00:00', 2, 86, 128, 291),
(76028, 2018, '2019-01-17', '11:00:00', '13:00:00', 2, 86, 128, 291),
(76029, 2018, '2019-01-24', '11:00:00', '13:00:00', 2, 86, 128, 291),
(76030, 2018, '2019-01-31', '11:00:00', '13:00:00', 2, 86, 128, 291),
(76031, 2018, '2019-02-07', '11:00:00', '13:00:00', 2, 86, 128, 291),
(76032, 2018, '2019-02-14', '11:00:00', '13:00:00', 2, 86, 128, 291),
(76033, 2018, '2019-02-28', '11:00:00', '13:00:00', 2, 86, 128, 291),
(76034, 2018, '2019-03-07', '11:00:00', '13:00:00', 2, 86, 128, 291),
(76035, 2018, '2019-03-14', '11:00:00', '13:00:00', 2, 86, 128, 291),
(76036, 2018, '2019-03-21', '11:00:00', '13:00:00', 2, 86, 128, 291),
(76037, 2018, '2019-03-28', '11:00:00', '13:00:00', 2, 86, 128, 291),
(76038, 2018, '2019-04-04', '11:00:00', '13:00:00', 2, 86, 128, 291),
(76039, 2018, '2019-04-11', '11:00:00', '13:00:00', 2, 86, 128, 291),
(76040, 2018, '2019-04-25', '11:00:00', '13:00:00', 2, 86, 128, 291),
(76041, 2018, '2019-05-02', '11:00:00', '13:00:00', 2, 86, 128, 291),
(76042, 2018, '2019-05-09', '11:00:00', '13:00:00', 2, 86, 128, 291),
(76044, 2018, '2019-05-23', '11:00:00', '13:00:00', 2, 86, 128, 291),
(76046, 2018, '2019-06-06', '11:00:00', '13:00:00', 2, 86, 128, 291),
(76048, 2018, '2019-06-20', '11:00:00', '13:00:00', 2, 86, 128, 291),
(76049, 2018, '2019-06-27', '11:00:00', '13:00:00', 2, 86, 128, 291),
(76050, 2018, '2019-07-04', '11:00:00', '13:00:00', 2, 86, 128, 291),
(76051, 2018, '2018-10-18', '14:00:00', '16:00:00', 2, 57, 32, 291),
(76052, 2018, '2018-10-25', '14:00:00', '16:00:00', 2, 57, 32, 291),
(76054, 2018, '2018-11-08', '14:00:00', '16:00:00', 2, 57, 32, 291),
(76055, 2018, '2018-11-15', '14:00:00', '16:00:00', 2, 57, 32, 291),
(76056, 2018, '2018-11-22', '14:00:00', '16:00:00', 2, 57, 32, 291),
(76057, 2018, '2018-11-29', '14:00:00', '16:00:00', 2, 57, 32, 291),
(76058, 2018, '2018-12-06', '14:00:00', '16:00:00', 2, 57, 32, 291),
(76059, 2018, '2018-12-13', '14:00:00', '16:00:00', 2, 57, 32, 291),
(76061, 2018, '2019-01-10', '14:00:00', '16:00:00', 2, 57, 32, 291),
(76062, 2018, '2019-01-17', '14:00:00', '16:00:00', 2, 57, 32, 291),
(76063, 2018, '2019-01-24', '14:00:00', '16:00:00', 2, 57, 32, 291),
(76064, 2018, '2019-01-31', '14:00:00', '16:00:00', 2, 57, 32, 291),
(76065, 2018, '2019-02-07', '14:00:00', '16:00:00', 2, 57, 32, 291),
(76066, 2018, '2019-02-14', '14:00:00', '16:00:00', 2, 57, 32, 291),
(76067, 2018, '2019-02-28', '14:00:00', '16:00:00', 2, 57, 32, 291),
(76068, 2018, '2019-03-07', '14:00:00', '16:00:00', 2, 57, 32, 291),
(76069, 2018, '2019-03-14', '14:00:00', '16:00:00', 2, 57, 32, 291),
(76070, 2018, '2019-03-21', '14:00:00', '16:00:00', 2, 57, 32, 291),
(76071, 2018, '2019-03-28', '14:00:00', '16:00:00', 2, 57, 32, 291),
(76072, 2018, '2019-04-04', '14:00:00', '16:00:00', 2, 57, 32, 291),
(76073, 2018, '2019-04-11', '14:00:00', '16:00:00', 2, 57, 32, 291),
(76074, 2018, '2019-04-25', '14:00:00', '16:00:00', 2, 57, 32, 291),
(76076, 2018, '2019-05-09', '14:00:00', '16:00:00', 2, 57, 32, 291),
(76077, 2018, '2019-05-16', '14:00:00', '16:00:00', 2, 57, 32, 291),
(76078, 2018, '2019-05-23', '14:00:00', '16:00:00', 2, 57, 32, 291),
(76080, 2018, '2019-06-06', '14:00:00', '16:00:00', 2, 57, 32, 291),
(76082, 2018, '2019-06-20', '14:00:00', '16:00:00', 2, 57, 32, 291),
(76083, 2018, '2019-06-27', '14:00:00', '16:00:00', 2, 57, 32, 291),
(76084, 2018, '2019-07-04', '14:00:00', '16:00:00', 2, 57, 32, 291),
(76085, 2018, '2018-10-18', '16:00:00', '18:00:00', 2, 68, 32, 291),
(76086, 2018, '2018-10-25', '16:00:00', '18:00:00', 2, 68, 32, 291),
(76088, 2018, '2018-11-08', '16:00:00', '18:00:00', 2, 68, 32, 291),
(76089, 2018, '2018-11-15', '16:00:00', '18:00:00', 2, 68, 32, 291),
(76090, 2018, '2018-11-22', '16:00:00', '18:00:00', 2, 68, 32, 291),
(76091, 2018, '2018-11-29', '16:00:00', '18:00:00', 2, 68, 32, 291),
(76093, 2018, '2018-12-13', '16:00:00', '18:00:00', 2, 68, 32, 291),
(76095, 2018, '2019-01-10', '16:00:00', '18:00:00', 2, 68, 32, 291),
(76097, 2018, '2019-01-24', '16:00:00', '18:00:00', 2, 68, 32, 291),
(76099, 2018, '2019-02-07', '16:00:00', '18:00:00', 2, 68, 32, 291),
(76101, 2018, '2019-02-28', '16:00:00', '18:00:00', 2, 68, 32, 291),
(76103, 2018, '2019-03-14', '16:00:00', '18:00:00', 2, 68, 32, 291),
(76105, 2018, '2019-03-28', '16:00:00', '18:00:00', 2, 68, 32, 291),
(76107, 2018, '2019-04-11', '16:00:00', '18:00:00', 2, 68, 32, 291),
(76109, 2018, '2019-05-02', '14:00:00', '16:00:00', 2, 68, 32, 291),
(76111, 2018, '2019-05-16', '16:00:00', '18:00:00', 2, 68, 32, 291),
(76116, 2018, '2019-06-20', '16:00:00', '18:00:00', 2, 68, 32, 291),
(76118, 2018, '2019-07-04', '16:00:00', '18:00:00', 2, 68, 32, 291),
(76119, 2018, '2018-10-15', '08:00:00', '10:00:00', 2, 4, 16, 291),
(76120, 2018, '2018-10-22', '08:00:00', '10:00:00', 2, 4, 16, 291),
(76121, 2018, '2018-10-29', '08:00:00', '10:00:00', 2, 4, 16, 291),
(76122, 2018, '2018-11-05', '08:00:00', '10:00:00', 2, 4, 16, 291),
(76123, 2018, '2018-11-12', '08:00:00', '10:00:00', 2, 4, 16, 291),
(76124, 2018, '2018-11-19', '08:00:00', '10:00:00', 2, 4, 16, 291),
(76125, 2018, '2018-11-26', '08:00:00', '10:00:00', 2, 4, 16, 291),
(76126, 2018, '2018-12-03', '08:00:00', '10:00:00', 2, 4, 16, 291),
(76127, 2018, '2018-12-10', '08:00:00', '10:00:00', 2, 4, 16, 291),
(76128, 2018, '2018-12-17', '08:00:00', '10:00:00', 2, 4, 16, 291),
(76129, 2018, '2019-01-07', '08:00:00', '10:00:00', 2, 4, 16, 291),
(76130, 2018, '2019-01-21', '08:00:00', '10:00:00', 2, 4, 16, 291),
(76131, 2018, '2019-01-28', '08:00:00', '10:00:00', 2, 4, 16, 291),
(76132, 2018, '2019-02-04', '08:00:00', '10:00:00', 2, 4, 16, 291),
(76133, 2018, '2019-02-11', '08:00:00', '10:00:00', 2, 4, 16, 291),
(76134, 2018, '2019-02-25', '08:00:00', '10:00:00', 2, 4, 16, 291),
(76135, 2018, '2019-03-04', '08:00:00', '10:00:00', 2, 4, 16, 291),
(76136, 2018, '2019-03-11', '08:00:00', '10:00:00', 2, 4, 16, 291),
(76137, 2018, '2019-03-18', '08:00:00', '10:00:00', 2, 4, 16, 291),
(76138, 2018, '2019-03-25', '08:00:00', '10:00:00', 2, 4, 16, 291),
(76139, 2018, '2019-04-01', '08:00:00', '10:00:00', 2, 4, 16, 291),
(76140, 2018, '2019-04-08', '08:00:00', '10:00:00', 2, 4, 16, 291),
(76142, 2018, '2019-04-29', '08:00:00', '10:00:00', 2, 4, 16, 291),
(76143, 2018, '2019-05-06', '08:00:00', '10:00:00', 2, 4, 16, 291),
(76144, 2018, '2019-05-13', '08:00:00', '10:00:00', 2, 4, 16, 291),
(76145, 2018, '2019-05-20', '08:00:00', '10:00:00', 2, 4, 16, 291),
(76146, 2018, '2019-05-27', '08:00:00', '10:00:00', 2, 4, 16, 291),
(76147, 2018, '2019-06-03', '08:00:00', '10:00:00', 2, 4, 16, 291),
(76150, 2018, '2018-10-15', '10:00:00', '12:00:00', 2, 14, 21, 291),
(76151, 2018, '2018-10-22', '10:00:00', '12:00:00', 2, 14, 21, 291),
(76152, 2018, '2018-10-29', '10:00:00', '12:00:00', 2, 14, 21, 291),
(76153, 2018, '2018-11-05', '10:00:00', '12:00:00', 2, 14, 21, 291),
(76154, 2018, '2018-11-12', '10:00:00', '12:00:00', 2, 14, 21, 291),
(76155, 2018, '2018-11-19', '10:00:00', '12:00:00', 2, 14, 21, 291),
(76156, 2018, '2018-11-26', '10:00:00', '12:00:00', 2, 14, 21, 291),
(76157, 2018, '2018-12-03', '10:00:00', '12:00:00', 2, 14, 21, 291),
(76158, 2018, '2018-12-10', '10:00:00', '12:00:00', 2, 14, 21, 291),
(76159, 2018, '2018-12-17', '10:00:00', '12:00:00', 2, 14, 21, 291),
(76160, 2018, '2019-01-07', '10:00:00', '12:00:00', 2, 14, 21, 291),
(76161, 2018, '2019-01-21', '10:00:00', '12:00:00', 2, 14, 21, 291),
(76162, 2018, '2019-01-28', '10:00:00', '12:00:00', 2, 14, 21, 291),
(76163, 2018, '2019-02-04', '10:00:00', '12:00:00', 2, 14, 21, 291),
(76165, 2018, '2019-02-25', '10:00:00', '12:00:00', 2, 14, 21, 291),
(76166, 2018, '2019-03-04', '10:00:00', '12:00:00', 2, 14, 21, 291),
(76167, 2018, '2019-03-11', '10:00:00', '12:00:00', 2, 14, 21, 291),
(76168, 2018, '2019-03-18', '10:00:00', '12:00:00', 2, 14, 21, 291),
(76169, 2018, '2019-03-25', '10:00:00', '12:00:00', 2, 14, 21, 291),
(76170, 2018, '2019-04-01', '10:00:00', '12:00:00', 2, 14, 21, 291),
(76171, 2018, '2019-04-08', '10:00:00', '12:00:00', 2, 14, 21, 291),
(76173, 2018, '2019-04-29', '10:00:00', '12:00:00', 2, 14, 21, 291),
(76174, 2018, '2019-05-06', '10:00:00', '12:00:00', 2, 14, 21, 291),
(76175, 2018, '2019-05-13', '10:00:00', '12:00:00', 2, 14, 21, 291),
(76176, 2018, '2019-05-20', '10:00:00', '12:00:00', 2, 14, 21, 291),
(76177, 2018, '2019-05-27', '10:00:00', '12:00:00', 2, 14, 21, 291),
(76178, 2018, '2019-06-03', '10:00:00', '12:00:00', 2, 14, 21, 291),
(76181, 2018, '2018-10-16', '14:00:00', '16:00:00', 2, 9, 231, 291),
(76182, 2018, '2018-10-23', '14:00:00', '16:00:00', 2, 9, 231, 291),
(76183, 2018, '2018-10-30', '14:00:00', '16:00:00', 2, 9, 231, 291),
(76184, 2018, '2018-11-06', '14:00:00', '16:00:00', 2, 9, 231, 291),
(76185, 2018, '2018-11-13', '14:00:00', '16:00:00', 2, 9, 231, 291),
(76186, 2018, '2018-11-20', '14:00:00', '16:00:00', 2, 9, 231, 291),
(76188, 2018, '2018-12-04', '14:00:00', '16:00:00', 2, 9, 231, 291),
(76189, 2018, '2018-12-11', '14:00:00', '16:00:00', 2, 9, 231, 291),
(76190, 2018, '2018-12-18', '14:00:00', '16:00:00', 2, 9, 231, 291),
(76191, 2018, '2019-01-08', '14:00:00', '16:00:00', 2, 9, 231, 291),
(76192, 2018, '2019-01-22', '14:00:00', '16:00:00', 2, 9, 231, 291),
(76193, 2018, '2019-01-29', '14:00:00', '16:00:00', 2, 9, 231, 291),
(76194, 2018, '2019-02-05', '14:00:00', '16:00:00', 2, 9, 231, 291),
(76195, 2018, '2019-02-12', '14:00:00', '16:00:00', 2, 9, 231, 291),
(76196, 2018, '2019-02-26', '14:00:00', '16:00:00', 2, 9, 231, 291),
(76197, 2018, '2019-03-05', '14:00:00', '16:00:00', 2, 9, 231, 291),
(76198, 2018, '2019-03-12', '14:00:00', '16:00:00', 2, 9, 231, 291),
(76199, 2018, '2019-03-19', '14:00:00', '16:00:00', 2, 9, 231, 291),
(76200, 2018, '2019-03-26', '14:00:00', '16:00:00', 2, 9, 231, 291),
(76202, 2018, '2019-04-09', '14:00:00', '16:00:00', 2, 9, 231, 291),
(76203, 2018, '2019-04-23', '14:00:00', '16:00:00', 2, 9, 231, 291),
(76204, 2018, '2019-04-30', '14:00:00', '16:00:00', 2, 9, 231, 291),
(76205, 2018, '2019-05-07', '14:00:00', '16:00:00', 2, 9, 231, 291),
(76206, 2018, '2019-05-14', '14:00:00', '16:00:00', 2, 9, 231, 291),
(76207, 2018, '2019-05-21', '14:00:00', '16:00:00', 2, 9, 231, 291),
(76208, 2018, '2019-05-28', '14:00:00', '16:00:00', 2, 9, 231, 291),
(76209, 2018, '2019-06-04', '14:00:00', '16:00:00', 2, 9, 231, 291),
(76212, 2018, '2018-10-31', '10:00:00', '12:00:00', 2, 6, 128, 291),
(76213, 2018, '2018-11-14', '10:00:00', '12:00:00', 2, 6, 128, 291),
(76214, 2018, '2018-11-21', '10:00:00', '12:00:00', 2, 6, 128, 291),
(76215, 2018, '2018-12-05', '10:00:00', '12:00:00', 2, 6, 128, 291),
(76217, 2018, '2018-12-19', '10:00:00', '12:00:00', 2, 6, 128, 291),
(76218, 2018, '2019-01-30', '10:00:00', '12:00:00', 2, 6, 128, 291),
(76219, 2018, '2019-02-13', '10:00:00', '12:00:00', 2, 6, 128, 291),
(76220, 2018, '2019-02-27', '10:00:00', '12:00:00', 2, 6, 128, 291),
(76221, 2018, '2019-03-06', '10:00:00', '12:00:00', 2, 6, 128, 291),
(76222, 2018, '2019-03-13', '10:00:00', '12:00:00', 2, 6, 128, 291),
(76223, 2018, '2019-03-20', '10:00:00', '12:00:00', 2, 6, 128, 291),
(76224, 2018, '2019-04-03', '10:00:00', '12:00:00', 2, 6, 128, 291),
(76225, 2018, '2019-04-10', '10:00:00', '12:00:00', 2, 6, 128, 291),
(76227, 2018, '2019-05-15', '10:00:00', '12:00:00', 2, 6, 128, 291),
(76228, 2018, '2019-05-22', '10:00:00', '12:00:00', 2, 6, 128, 291),
(76229, 2018, '2019-05-29', '10:00:00', '12:00:00', 2, 6, 128, 291),
(76230, 2018, '2019-06-05', '10:00:00', '12:00:00', 2, 6, 128, 291),
(76233, 2018, '2018-10-16', '10:00:00', '12:00:00', 2, 6, 128, 291),
(76234, 2018, '2018-10-30', '10:00:00', '12:00:00', 2, 6, 128, 291),
(76235, 2018, '2018-11-13', '10:00:00', '12:00:00', 2, 6, 128, 291),
(76236, 2018, '2018-11-27', '10:00:00', '12:00:00', 2, 6, 128, 291),
(76237, 2018, '2018-12-11', '10:00:00', '12:00:00', 2, 6, 128, 291),
(76238, 2018, '2019-01-08', '10:00:00', '12:00:00', 2, 6, 128, 291),
(76239, 2018, '2019-01-22', '10:00:00', '12:00:00', 2, 6, 128, 291),
(76240, 2018, '2019-02-05', '10:00:00', '12:00:00', 2, 6, 128, 291),
(76241, 2018, '2019-03-05', '10:00:00', '12:00:00', 2, 6, 128, 291),
(76242, 2018, '2019-03-19', '10:00:00', '12:00:00', 2, 6, 128, 291),
(76243, 2018, '2019-04-02', '10:00:00', '12:00:00', 2, 6, 128, 291),
(76244, 2018, '2019-04-30', '10:00:00', '12:00:00', 2, 6, 128, 291),
(76245, 2018, '2019-05-14', '10:00:00', '12:00:00', 2, 6, 128, 291),
(76246, 2018, '2019-05-28', '10:00:00', '12:00:00', 2, 6, 128, 291),
(76247, 2018, '2019-06-11', '10:00:00', '12:00:00', 2, 6, 128, 291),
(76262, 2018, '2018-10-31', '08:00:00', '10:00:00', 2, 87, 89, 291),
(76263, 2018, '2018-11-14', '08:00:00', '10:00:00', 2, 87, 89, 291),
(76264, 2018, '2018-11-21', '08:00:00', '10:00:00', 2, 87, 89, 291),
(76265, 2018, '2018-12-05', '08:00:00', '10:00:00', 2, 87, 89, 291),
(76266, 2018, '2018-12-12', '08:00:00', '10:00:00', 2, 87, 89, 291),
(76269, 2018, '2019-01-30', '08:00:00', '10:00:00', 2, 87, 89, 291),
(76271, 2018, '2019-02-13', '08:00:00', '10:00:00', 2, 87, 89, 291),
(76272, 2018, '2019-02-27', '08:00:00', '10:00:00', 2, 87, 89, 291),
(76273, 2018, '2019-03-06', '08:00:00', '10:00:00', 2, 87, 89, 291),
(76274, 2018, '2019-03-13', '08:00:00', '10:00:00', 2, 87, 89, 291),
(76275, 2018, '2019-03-20', '08:00:00', '10:00:00', 2, 87, 89, 291),
(76277, 2018, '2019-04-03', '08:00:00', '10:00:00', 2, 87, 89, 291),
(76278, 2018, '2019-04-10', '08:00:00', '10:00:00', 2, 87, 89, 291),
(76279, 2018, '2019-04-24', '08:00:00', '10:00:00', 2, 87, 89, 291),
(76280, 2018, '2019-05-15', '08:00:00', '10:00:00', 2, 87, 89, 291),
(76281, 2018, '2019-05-22', '08:00:00', '10:00:00', 2, 87, 89, 291),
(76282, 2018, '2019-05-29', '08:00:00', '10:00:00', 2, 87, 89, 291),
(76283, 2018, '2019-06-05', '08:00:00', '10:00:00', 2, 87, 89, 291),
(76286, 2018, '2018-10-10', '09:00:00', '12:00:00', 3, 6, 206, 291),
(76287, 2018, '2018-10-17', '09:00:00', '12:00:00', 3, 6, 297, 291),
(76288, 2018, '2018-10-24', '09:00:00', '12:00:00', 3, 6, 207, 291),
(76289, 2018, '2018-12-19', '08:00:00', '10:00:00', 2, 87, 89, 291),
(76290, 2018, '2019-04-24', '10:00:00', '12:00:00', 2, 6, 128, 291),
(76294, 2018, '2018-10-04', '12:00:00', '13:00:00', 1, 62, 231, 287),
(76295, 2018, '2018-10-05', '16:00:00', '18:00:00', 2, 66, 87, 287),
(76296, 2018, '2018-10-12', '16:00:00', '18:00:00', 2, 66, 87, 287),
(76297, 2018, '2018-10-19', '16:00:00', '18:00:00', 2, 66, 87, 287),
(76299, 2018, '2018-11-02', '16:00:00', '18:00:00', 2, 66, 87, 287),
(76300, 2018, '2018-11-09', '16:00:00', '18:00:00', 2, 66, 87, 287),
(76301, 2018, '2018-11-16', '16:00:00', '18:00:00', 2, 66, 87, 287),
(76302, 2018, '2018-11-23', '16:00:00', '18:00:00', 2, 66, 87, 287),
(76303, 2018, '2018-11-30', '16:00:00', '18:00:00', 2, 66, 87, 287),
(76304, 2018, '2018-12-07', '16:00:00', '18:00:00', 2, 66, 87, 287),
(76306, 2018, '2018-12-21', '16:00:00', '18:00:00', 2, 66, 87, 287),
(76307, 2018, '2019-01-11', '16:00:00', '18:00:00', 2, 66, 87, 287),
(76308, 2018, '2019-01-18', '16:00:00', '18:00:00', 2, 66, 87, 287),
(76309, 2018, '2019-01-25', '16:00:00', '18:00:00', 2, 66, 87, 287),
(76310, 2018, '2019-02-01', '16:00:00', '18:00:00', 2, 66, 87, 287),
(76311, 2018, '2019-02-08', '16:00:00', '18:00:00', 2, 66, 87, 287),
(76312, 2018, '2019-02-15', '16:00:00', '18:00:00', 2, 66, 87, 287),
(76313, 2018, '2019-03-01', '16:00:00', '18:00:00', 2, 66, 87, 287),
(76314, 2018, '2019-03-08', '16:00:00', '18:00:00', 2, 66, 87, 287),
(76315, 2018, '2019-03-15', '16:00:00', '18:00:00', 2, 66, 87, 287),
(76316, 2018, '2019-03-22', '16:00:00', '18:00:00', 2, 66, 87, 287),
(76317, 2018, '2019-03-29', '16:00:00', '18:00:00', 2, 66, 87, 287),
(76318, 2018, '2019-04-05', '16:00:00', '18:00:00', 2, 66, 87, 287),
(76320, 2018, '2019-04-26', '16:00:00', '18:00:00', 2, 66, 87, 287),
(76321, 2018, '2019-05-03', '16:00:00', '18:00:00', 2, 66, 87, 287),
(76322, 2018, '2019-05-10', '16:00:00', '18:00:00', 2, 66, 87, 287),
(76323, 2018, '2019-05-17', '16:00:00', '18:00:00', 2, 66, 87, 287),
(76324, 2018, '2019-05-24', '16:00:00', '18:00:00', 2, 66, 87, 287),
(76325, 2018, '2019-05-31', '16:00:00', '18:00:00', 2, 66, 87, 287),
(76326, 2018, '2019-06-07', '16:00:00', '18:00:00', 2, 66, 87, 287),
(76327, 2018, '2019-06-14', '16:00:00', '18:00:00', 2, 66, 87, 287),
(76328, 2018, '2019-06-21', '16:00:00', '18:00:00', 2, 66, 87, 287),
(76329, 2018, '2019-06-28', '16:00:00', '18:00:00', 2, 66, 87, 287),
(76330, 2018, '2019-07-05', '16:00:00', '18:00:00', 2, 66, 87, 287),
(76331, 2018, '2018-10-12', '13:00:00', '15:00:00', 2, 55, 231, 290),
(76335, 2018, '2018-10-11', '14:00:00', '16:00:00', 2, 82, 282, 290),
(76336, 2018, '2018-10-11', '16:00:00', '18:00:00', 2, 11, 234, 290),
(76337, 2018, '2018-10-18', '08:00:00', '10:00:00', 2, 4, 5, 290),
(76338, 2018, '2018-10-18', '10:00:00', '12:00:00', 2, 6, 231, 290),
(76340, 2018, '2018-10-18', '16:00:00', '18:00:00', 2, 11, 234, 290),
(76342, 2018, '2018-10-19', '13:00:00', '15:00:00', 2, 55, 231, 290),
(76343, 2018, '2018-10-19', '15:00:00', '18:00:00', 3, 58, 283, 290),
(76344, 2018, '2018-10-11', '08:00:00', '10:00:00', 2, 76, 32, 288),
(76345, 2018, '2018-10-11', '10:00:00', '12:00:00', 2, 4, 16, 288),
(76346, 2018, '2018-10-12', '12:00:00', '13:00:00', 1, 72, 12, 288),
(76348, 2018, '2018-10-12', '14:00:00', '18:00:00', 4, 78, 296, 288),
(76411, 2018, '2018-10-11', '08:30:00', '13:00:00', 4.5, 5, 297, 290),
(76412, 2018, '2018-10-11', '08:30:00', '13:00:00', 4.5, 5, 297, 291),
(76413, 2018, '2018-10-11', '08:30:00', '13:00:00', 4.5, 5, 297, 289),
(76414, 2018, '2018-10-11', '13:30:00', '18:00:00', 4.5, 5, 297, 287),
(76415, 2018, '2018-10-11', '13:30:00', '18:00:00', 4.5, 5, 297, 288),
(76447, 2018, '2018-10-17', '13:00:00', '16:00:00', 3, 4, 243, 287),
(76448, 2018, '2018-10-24', '16:00:00', '18:00:00', 2, 4, 243, 287),
(76449, 2018, '2018-10-24', '14:00:00', '16:00:00', 2, 62, 236, 287),
(76450, 2018, '2018-10-18', '08:00:00', '10:00:00', 2, 76, 32, 288),
(76451, 2018, '2018-10-18', '10:00:00', '12:00:00', 2, 4, 16, 288),
(76452, 2018, '2018-10-19', '12:00:00', '13:00:00', 1, 72, 12, 288),
(76453, 2018, '2018-10-19', '14:00:00', '18:00:00', 4, 78, 296, 288),
(76454, 2018, '2018-10-18', '13:00:00', '18:00:00', 5, 78, 296, 288),
(76517, 2018, '2018-10-18', '14:30:00', '16:00:00', 1.5, 58, 283, 290),
(76518, 2018, '2018-10-18', '13:00:00', '14:30:00', 1.5, 4, 5, 290),
(76522, 2018, '2018-10-25', '10:00:00', '12:00:00', 2, 6, 231, 290),
(76523, 2018, '2018-10-25', '16:00:00', '18:00:00', 2, 11, 234, 290),
(76525, 2018, '2018-10-26', '13:00:00', '15:00:00', 2, 55, 231, 290),
(76526, 2018, '2018-10-26', '15:00:00', '18:00:00', 3, 58, 283, 290),
(76527, 2018, '2018-10-25', '13:00:00', '16:00:00', 3, 82, 282, 290),
(76536, 2018, '2019-01-09', '13:00:00', '16:00:00', 3, 13, 260, 288),
(76537, 2018, '2019-01-23', '13:00:00', '16:00:00', 3, 13, 252, 290),
(76556, 2018, '2019-06-12', '13:00:00', '16:00:00', 3, 13, 260, 288),
(76568, 2018, '2019-01-09', '16:00:00', '18:00:00', 2, 14, 265, 288),
(76588, 2018, '2019-06-12', '16:00:00', '18:00:00', 2, 14, 265, 288),
(76593, 2018, '2018-11-08', '08:00:00', '10:00:00', 2, 4, 5, 290),
(76625, 2018, '2018-11-08', '10:00:00', '12:00:00', 2, 6, 231, 290),
(76626, 2018, '2018-11-15', '10:00:00', '12:00:00', 2, 6, 231, 290),
(76627, 2018, '2018-11-22', '10:00:00', '12:00:00', 2, 6, 231, 290),
(76628, 2018, '2018-11-30', '13:00:00', '15:00:00', 2, 6, 231, 290),
(76631, 2018, '2018-12-20', '10:00:00', '12:00:00', 2, 6, 231, 290),
(76632, 2018, '2019-01-10', '10:00:00', '12:00:00', 2, 6, 231, 290),
(76633, 2018, '2019-01-17', '10:00:00', '12:00:00', 2, 6, 231, 290),
(76634, 2018, '2019-01-24', '10:00:00', '12:00:00', 2, 6, 231, 290),
(76635, 2018, '2019-01-31', '10:00:00', '12:00:00', 2, 6, 231, 290),
(76636, 2018, '2019-02-07', '10:00:00', '12:00:00', 2, 6, 231, 290),
(76637, 2018, '2019-02-14', '10:00:00', '12:00:00', 2, 6, 231, 290),
(76638, 2018, '2019-02-28', '10:00:00', '12:00:00', 2, 6, 231, 290),
(76639, 2018, '2019-03-07', '10:00:00', '12:00:00', 2, 6, 231, 290),
(76640, 2018, '2019-03-14', '10:00:00', '12:00:00', 2, 6, 231, 290),
(76642, 2018, '2019-03-28', '10:00:00', '12:00:00', 2, 6, 231, 290),
(76643, 2018, '2019-04-04', '10:00:00', '12:00:00', 2, 6, 231, 290),
(76644, 2018, '2019-04-11', '10:00:00', '12:00:00', 2, 6, 231, 290),
(76645, 2018, '2019-04-25', '10:00:00', '12:00:00', 2, 6, 231, 290),
(76646, 2018, '2019-05-02', '10:00:00', '12:00:00', 2, 6, 231, 290),
(76647, 2018, '2019-05-09', '10:00:00', '12:00:00', 2, 6, 231, 290),
(76648, 2018, '2019-05-16', '10:00:00', '12:00:00', 2, 6, 231, 290),
(76649, 2018, '2019-05-23', '10:00:00', '12:00:00', 2, 6, 231, 290),
(76651, 2018, '2019-06-06', '10:00:00', '12:00:00', 2, 6, 231, 290),
(76652, 2018, '2019-06-13', '10:00:00', '12:00:00', 2, 6, 231, 290),
(76653, 2018, '2019-06-20', '10:00:00', '12:00:00', 2, 6, 231, 290),
(76654, 2018, '2019-06-27', '10:00:00', '12:00:00', 2, 6, 231, 290),
(76655, 2018, '2019-07-04', '10:00:00', '12:00:00', 2, 6, 231, 290),
(76657, 2018, '2018-11-08', '13:00:00', '16:00:00', 3, 82, 282, 290),
(76658, 2018, '2018-11-15', '13:00:00', '16:00:00', 3, 82, 282, 290),
(76659, 2018, '2018-11-22', '13:00:00', '16:00:00', 3, 82, 282, 290),
(76662, 2018, '2018-12-13', '13:00:00', '16:00:00', 3, 82, 282, 290),
(76663, 2018, '2018-12-20', '13:00:00', '16:00:00', 3, 82, 282, 290),
(76665, 2018, '2019-01-17', '13:00:00', '16:00:00', 3, 82, 282, 290),
(76666, 2018, '2019-01-24', '13:00:00', '16:00:00', 3, 82, 282, 290),
(76667, 2018, '2019-01-31', '13:00:00', '16:00:00', 3, 82, 282, 290),
(76668, 2018, '2019-02-07', '13:00:00', '16:00:00', 3, 82, 282, 290),
(76669, 2018, '2019-02-14', '13:00:00', '16:00:00', 3, 82, 282, 290),
(76670, 2018, '2019-02-28', '13:00:00', '16:00:00', 3, 82, 282, 290),
(76671, 2018, '2019-03-07', '13:00:00', '16:00:00', 3, 82, 282, 290),
(76672, 2018, '2019-03-14', '13:00:00', '16:00:00', 3, 82, 282, 290),
(76673, 2018, '2019-03-21', '13:00:00', '16:00:00', 3, 82, 282, 290),
(76674, 2018, '2019-03-28', '13:00:00', '16:00:00', 3, 82, 282, 290),
(76675, 2018, '2019-04-04', '13:00:00', '16:00:00', 3, 82, 282, 290),
(76677, 2018, '2019-04-25', '13:00:00', '16:00:00', 3, 82, 282, 290),
(76678, 2018, '2019-05-02', '13:00:00', '16:00:00', 3, 82, 282, 290),
(76679, 2018, '2019-05-09', '13:00:00', '16:00:00', 3, 82, 282, 290),
(76680, 2018, '2019-05-16', '13:00:00', '16:00:00', 3, 82, 282, 290),
(76681, 2018, '2019-05-23', '13:00:00', '16:00:00', 3, 82, 282, 290),
(76683, 2018, '2019-06-06', '13:00:00', '16:00:00', 3, 82, 282, 290),
(76685, 2018, '2019-06-20', '13:00:00', '16:00:00', 3, 82, 282, 290),
(76686, 2018, '2019-06-27', '13:00:00', '16:00:00', 3, 82, 282, 290),
(76687, 2018, '2019-07-04', '13:00:00', '16:00:00', 3, 82, 282, 290),
(76691, 2018, '2018-11-22', '16:00:00', '18:00:00', 2, 11, 234, 290),
(76693, 2018, '2018-12-06', '16:00:00', '18:00:00', 2, 11, 234, 290),
(76695, 2018, '2018-12-20', '16:00:00', '18:00:00', 2, 11, 234, 290),
(76697, 2018, '2019-01-17', '16:00:00', '18:00:00', 2, 11, 234, 290),
(76699, 2018, '2019-01-31', '16:00:00', '18:00:00', 2, 11, 234, 290),
(76701, 2018, '2019-02-14', '16:00:00', '18:00:00', 2, 11, 234, 290),
(76703, 2018, '2019-03-07', '16:00:00', '18:00:00', 2, 11, 234, 290),
(76705, 2018, '2019-03-21', '16:00:00', '18:00:00', 2, 11, 234, 290),
(76707, 2018, '2019-04-04', '16:00:00', '18:00:00', 2, 11, 234, 290),
(76711, 2018, '2019-05-09', '16:00:00', '18:00:00', 2, 11, 234, 290),
(76713, 2018, '2019-05-23', '16:00:00', '18:00:00', 2, 11, 234, 290),
(76718, 2018, '2019-06-27', '16:00:00', '18:00:00', 2, 11, 234, 290),
(76752, 2018, '2018-11-02', '13:00:00', '15:00:00', 2, 55, 231, 290),
(76753, 2018, '2018-11-09', '13:00:00', '15:00:00', 2, 55, 231, 290),
(76754, 2018, '2018-11-16', '13:00:00', '15:00:00', 2, 55, 231, 290),
(76755, 2018, '2018-11-23', '13:00:00', '15:00:00', 2, 55, 231, 290),
(76756, 2018, '2018-11-29', '10:00:00', '12:00:00', 2, 55, 231, 290),
(76758, 2018, '2018-12-14', '13:00:00', '15:00:00', 2, 55, 231, 290),
(76759, 2018, '2018-12-21', '13:00:00', '15:00:00', 2, 55, 231, 290),
(76760, 2018, '2019-01-11', '13:00:00', '15:00:00', 2, 55, 231, 290),
(76761, 2018, '2019-01-18', '13:00:00', '15:00:00', 2, 55, 231, 290),
(76762, 2018, '2019-01-25', '13:00:00', '18:00:00', 5, 55, 231, 290),
(76763, 2018, '2019-02-01', '13:00:00', '15:00:00', 2, 55, 231, 290),
(76764, 2018, '2019-02-08', '13:00:00', '18:00:00', 5, 55, 231, 290),
(76765, 2018, '2019-02-15', '13:00:00', '15:00:00', 2, 55, 231, 290),
(76766, 2018, '2019-03-01', '13:00:00', '15:00:00', 2, 55, 231, 290),
(76767, 2018, '2019-03-08', '13:00:00', '15:00:00', 2, 55, 231, 290),
(76768, 2018, '2019-03-15', '13:00:00', '15:00:00', 2, 55, 231, 290),
(76769, 2018, '2019-03-22', '13:00:00', '18:00:00', 5, 55, 231, 290),
(76770, 2018, '2019-03-29', '13:00:00', '15:00:00', 2, 55, 231, 290),
(76771, 2018, '2019-04-05', '13:00:00', '15:00:00', 2, 55, 231, 290),
(76772, 2018, '2019-04-12', '13:00:00', '15:00:00', 2, 55, 231, 290),
(76774, 2018, '2019-05-03', '13:00:00', '15:00:00', 2, 55, 231, 290),
(76775, 2018, '2019-05-10', '13:00:00', '15:00:00', 2, 55, 231, 290),
(76776, 2018, '2019-05-17', '13:00:00', '15:00:00', 2, 55, 231, 290),
(76777, 2018, '2019-05-24', '13:00:00', '15:00:00', 2, 55, 231, 290),
(76778, 2018, '2019-05-31', '13:00:00', '15:00:00', 2, 55, 231, 290),
(76779, 2018, '2019-06-07', '13:00:00', '15:00:00', 2, 55, 231, 290),
(76780, 2018, '2019-06-14', '13:00:00', '15:00:00', 2, 55, 231, 290),
(76781, 2018, '2019-06-21', '13:00:00', '15:00:00', 2, 55, 231, 290),
(76782, 2018, '2019-06-28', '13:00:00', '15:00:00', 2, 55, 231, 290),
(76783, 2018, '2019-07-05', '13:00:00', '15:00:00', 2, 55, 231, 290),
(76784, 2018, '2018-11-02', '15:00:00', '18:00:00', 3, 58, 283, 290),
(76787, 2018, '2018-11-23', '15:00:00', '18:00:00', 3, 58, 283, 290),
(76788, 2018, '2018-11-30', '15:00:00', '18:00:00', 3, 58, 283, 290),
(76789, 2018, '2018-12-07', '15:00:00', '18:00:00', 3, 58, 283, 290),
(76790, 2018, '2018-12-14', '15:00:00', '18:00:00', 3, 58, 283, 290),
(76791, 2018, '2018-12-21', '15:00:00', '18:00:00', 3, 58, 283, 290),
(76792, 2018, '2019-01-11', '15:00:00', '18:00:00', 3, 58, 283, 290),
(76816, 2018, '2018-10-25', '08:00:00', '10:00:00', 2, 76, 32, 288),
(76818, 2018, '2018-10-26', '11:00:00', '13:00:00', 2, 72, 12, 288),
(76819, 2018, '2018-10-26', '14:00:00', '18:00:00', 4, 78, 296, 288),
(76820, 2018, '2018-10-25', '13:00:00', '18:00:00', 5, 77, 280, 288),
(76824, 2018, '2018-11-02', '12:00:00', '13:00:00', 1, 72, 12, 288),
(76825, 2018, '2018-11-02', '14:00:00', '18:00:00', 4, 78, 296, 288),
(76826, 2018, '2018-10-26', '14:00:00', '18:00:00', 4, 67, 12, 287),
(76829, 2018, '2018-10-25', '08:00:00', '10:00:00', 2, 67, 12, 287),
(76830, 2018, '2018-10-25', '10:00:00', '12:00:00', 2, 72, 12, 288),
(76863, 2018, '2018-10-25', '13:30:00', '15:30:00', 2, 14, 266, 289),
(76883, 2018, '2018-10-31', '14:00:00', '16:00:00', 2, 62, 236, 287),
(76884, 2018, '2018-10-31', '08:00:00', '10:00:00', 2, 4, 243, 287),
(76886, 2018, '2018-10-30', '08:00:00', '10:00:00', 2, 14, 266, 289),
(76992, 2018, '2018-11-07', '14:00:00', '16:00:00', 2, 62, 236, 287),
(77042, 2018, '2018-11-07', '08:00:00', '10:00:00', 2, 4, 243, 287),
(77043, 2018, '2018-11-09', '15:00:00', '18:00:00', 3, 82, 282, 290),
(77056, 2018, '2018-11-08', '08:00:00', '10:00:00', 2, 76, 32, 288),
(77058, 2018, '2018-11-08', '13:00:00', '16:00:00', 3, 77, 280, 288),
(77060, 2018, '2018-11-09', '12:00:00', '13:00:00', 1, 72, 12, 288),
(77061, 2018, '2018-11-09', '14:00:00', '18:00:00', 4, 78, 296, 288),
(77088, 2018, '2018-11-06', '13:00:00', '15:00:00', 2, 4, 252, 289),
(77091, 2018, '2018-11-08', '10:00:00', '12:00:00', 2, 4, 16, 288),
(77095, 2018, '2018-11-06', '08:00:00', '10:00:00', 2, 16, 228, 291),
(77096, 2018, '2018-11-06', '10:00:00', '12:00:00', 2, 4, 228, 291),
(77097, 2018, '2018-11-06', '08:00:00', '10:00:00', 2, 16, 252, 291),
(77098, 2018, '2018-11-06', '10:00:00', '12:00:00', 2, 4, 252, 291),
(77099, 2018, '2018-11-15', '08:00:00', '10:00:00', 2, 76, 32, 288),
(77100, 2018, '2018-11-15', '10:00:00', '12:00:00', 2, 4, 16, 288),
(77101, 2018, '2018-11-16', '12:00:00', '13:00:00', 1, 72, 12, 288),
(77178, 2018, '2018-11-16', '14:00:00', '18:00:00', 4, 78, 296, 288),
(77182, 2018, '2018-11-14', '10:00:00', '12:00:00', 2, 2, 25, 287),
(77183, 2018, '2018-11-21', '10:00:00', '12:00:00', 2, 2, 25, 287),
(77184, 2018, '2018-11-28', '10:00:00', '12:00:00', 2, 2, 25, 287),
(77185, 2018, '2018-12-05', '10:00:00', '12:00:00', 2, 2, 25, 287),
(77186, 2018, '2018-12-12', '10:00:00', '12:00:00', 2, 2, 25, 287),
(77187, 2018, '2018-12-19', '10:00:00', '12:00:00', 2, 2, 25, 287),
(77188, 2018, '2019-01-09', '10:00:00', '12:00:00', 2, 2, 25, 287),
(77189, 2018, '2019-01-16', '10:00:00', '12:00:00', 2, 2, 25, 287),
(77190, 2018, '2019-01-30', '10:00:00', '12:00:00', 2, 2, 25, 287),
(77191, 2018, '2019-02-06', '10:00:00', '12:00:00', 2, 2, 25, 287),
(77192, 2018, '2019-02-13', '10:00:00', '12:00:00', 2, 2, 25, 287),
(77193, 2018, '2019-02-27', '10:00:00', '12:00:00', 2, 2, 25, 287),
(77194, 2018, '2019-03-06', '10:00:00', '12:00:00', 2, 2, 25, 287),
(77195, 2018, '2019-03-13', '10:00:00', '12:00:00', 2, 2, 25, 287),
(77196, 2018, '2019-03-20', '10:00:00', '12:00:00', 2, 2, 25, 287),
(77197, 2018, '2019-03-27', '10:00:00', '12:00:00', 2, 2, 25, 287),
(77198, 2018, '2019-04-03', '10:00:00', '12:00:00', 2, 2, 25, 287),
(77199, 2018, '2019-04-10', '10:00:00', '12:00:00', 2, 2, 25, 287),
(77200, 2018, '2019-04-24', '10:00:00', '12:00:00', 2, 2, 25, 287),
(77201, 2018, '2019-05-15', '10:00:00', '12:00:00', 2, 2, 25, 287),
(77202, 2018, '2019-05-22', '10:00:00', '12:00:00', 2, 2, 25, 287),
(77203, 2018, '2019-05-29', '10:00:00', '12:00:00', 2, 2, 25, 287),
(77205, 2018, '2019-06-12', '10:00:00', '12:00:00', 2, 2, 25, 287),
(77206, 2018, '2018-11-15', '16:00:00', '18:00:00', 2, 2, 25, 287),
(77207, 2018, '2018-11-22', '16:00:00', '18:00:00', 2, 2, 25, 287),
(77208, 2018, '2018-11-29', '16:00:00', '18:00:00', 2, 2, 25, 287),
(77209, 2018, '2018-12-06', '16:00:00', '18:00:00', 2, 2, 25, 287),
(77210, 2018, '2018-12-20', '16:00:00', '18:00:00', 2, 2, 25, 287),
(77212, 2018, '2019-01-10', '16:00:00', '18:00:00', 2, 2, 25, 287),
(77213, 2018, '2019-01-17', '16:00:00', '18:00:00', 2, 2, 25, 287),
(77214, 2018, '2019-01-31', '16:00:00', '18:00:00', 2, 2, 25, 287),
(77215, 2018, '2019-02-07', '16:00:00', '18:00:00', 2, 2, 25, 287),
(77216, 2018, '2019-02-14', '16:00:00', '18:00:00', 2, 2, 25, 287),
(77217, 2018, '2019-02-28', '16:00:00', '18:00:00', 2, 2, 25, 287),
(77218, 2018, '2019-03-07', '16:00:00', '18:00:00', 2, 2, 25, 287),
(77219, 2018, '2019-03-14', '16:00:00', '18:00:00', 2, 2, 25, 287),
(77220, 2018, '2019-03-21', '16:00:00', '18:00:00', 2, 2, 25, 287),
(77221, 2018, '2019-03-28', '16:00:00', '18:00:00', 2, 2, 25, 287),
(77222, 2018, '2019-04-04', '16:00:00', '18:00:00', 2, 2, 25, 287),
(77223, 2018, '2019-04-11', '16:00:00', '18:00:00', 2, 2, 25, 287),
(77225, 2018, '2019-05-02', '16:00:00', '18:00:00', 2, 2, 25, 287),
(77226, 2018, '2019-05-09', '16:00:00', '18:00:00', 2, 2, 25, 287),
(77227, 2018, '2019-05-16', '16:00:00', '18:00:00', 2, 2, 25, 287),
(77228, 2018, '2019-05-23', '16:00:00', '18:00:00', 2, 2, 25, 287),
(77229, 2018, '2019-06-13', '16:00:00', '18:00:00', 2, 2, 25, 287),
(77230, 2018, '2019-06-20', '16:00:00', '18:00:00', 2, 2, 25, 287),
(77231, 2018, '2019-06-27', '16:00:00', '18:00:00', 2, 2, 25, 287),
(77232, 2018, '2019-07-04', '16:00:00', '18:00:00', 2, 2, 25, 287),
(77233, 2018, '2019-01-23', '15:30:00', '17:30:00', 2, 2, 25, 287),
(77234, 2018, '2019-06-06', '16:00:00', '18:00:00', 2, 2, 25, 287),
(77235, 2018, '2018-11-14', '14:00:00', '16:00:00', 2, 62, 236, 287),
(77236, 2018, '2018-11-21', '14:00:00', '16:00:00', 2, 62, 236, 287),
(77237, 2018, '2018-11-28', '14:00:00', '16:00:00', 2, 62, 236, 287),
(77238, 2018, '2018-12-05', '14:00:00', '16:00:00', 2, 62, 236, 287),
(77240, 2018, '2018-12-19', '14:00:00', '16:00:00', 2, 62, 236, 287),
(77241, 2018, '2019-01-09', '14:00:00', '16:00:00', 2, 62, 236, 287),
(77242, 2018, '2019-01-16', '14:00:00', '16:00:00', 2, 62, 236, 287),
(77244, 2018, '2019-02-06', '14:00:00', '16:00:00', 2, 62, 236, 287),
(77245, 2018, '2019-02-13', '14:00:00', '16:00:00', 2, 62, 236, 287),
(77246, 2018, '2019-02-27', '14:00:00', '16:00:00', 2, 62, 236, 287),
(77247, 2018, '2019-03-06', '14:00:00', '16:00:00', 2, 62, 236, 287),
(77248, 2018, '2019-03-13', '14:00:00', '16:00:00', 2, 62, 236, 287),
(77249, 2018, '2019-03-20', '14:00:00', '16:00:00', 2, 62, 236, 287),
(77250, 2018, '2019-03-27', '14:00:00', '16:00:00', 2, 62, 236, 287),
(77251, 2018, '2019-04-03', '14:00:00', '16:00:00', 2, 62, 236, 287),
(77252, 2018, '2019-04-10', '14:00:00', '16:00:00', 2, 62, 236, 287),
(77253, 2018, '2019-04-24', '14:00:00', '16:00:00', 2, 62, 236, 287),
(77254, 2018, '2019-05-15', '14:00:00', '18:00:00', 4, 62, 236, 287),
(77255, 2018, '2019-05-22', '14:00:00', '17:00:00', 3, 62, 236, 287),
(77256, 2018, '2019-05-29', '14:00:00', '17:00:00', 3, 62, 236, 287),
(77257, 2018, '2019-06-12', '14:00:00', '16:00:00', 2, 62, 236, 287),
(77258, 2018, '2018-11-14', '08:00:00', '10:00:00', 2, 4, 243, 287),
(77259, 2018, '2018-11-21', '08:00:00', '10:00:00', 2, 4, 243, 287),
(77260, 2018, '2018-11-28', '08:00:00', '10:00:00', 2, 4, 243, 287),
(77261, 2018, '2018-12-05', '08:00:00', '10:00:00', 2, 4, 243, 287),
(77262, 2018, '2018-12-12', '08:00:00', '10:00:00', 2, 4, 243, 287),
(77263, 2018, '2018-12-19', '08:00:00', '10:00:00', 2, 4, 243, 287),
(77264, 2018, '2019-01-09', '08:00:00', '10:00:00', 2, 4, 243, 287),
(77265, 2018, '2019-01-16', '08:00:00', '10:00:00', 2, 4, 243, 287),
(77266, 2018, '2019-01-30', '08:00:00', '10:00:00', 2, 4, 243, 287),
(77267, 2018, '2019-02-06', '08:00:00', '10:00:00', 2, 4, 243, 287),
(77268, 2018, '2019-02-13', '08:00:00', '10:00:00', 2, 4, 243, 287),
(77269, 2018, '2019-02-27', '08:00:00', '10:00:00', 2, 4, 243, 287),
(77270, 2018, '2019-03-06', '08:00:00', '10:00:00', 2, 4, 243, 287),
(77271, 2018, '2019-03-13', '08:00:00', '10:00:00', 2, 4, 243, 287),
(77272, 2018, '2019-03-20', '08:00:00', '10:00:00', 2, 4, 243, 287),
(77273, 2018, '2019-03-27', '08:00:00', '10:00:00', 2, 4, 243, 287),
(77274, 2018, '2019-04-03', '08:00:00', '10:00:00', 2, 4, 243, 287),
(77275, 2018, '2019-04-10', '08:00:00', '10:00:00', 2, 4, 243, 287),
(77276, 2018, '2019-04-24', '08:00:00', '10:00:00', 2, 4, 243, 287),
(77277, 2018, '2019-05-15', '08:00:00', '10:00:00', 2, 4, 243, 287),
(77278, 2018, '2019-05-22', '08:00:00', '10:00:00', 2, 4, 243, 287),
(77280, 2018, '2019-06-12', '08:00:00', '10:00:00', 2, 4, 243, 287),
(77288, 2018, '2018-11-15', '16:00:00', '18:00:00', 2, 82, 282, 290),
(77289, 2018, '2018-11-16', '15:00:00', '18:00:00', 3, 55, 231, 290),
(77290, 2018, '2018-11-15', '08:00:00', '10:00:00', 2, 4, 247, 290),
(77291, 2018, '2018-11-22', '08:00:00', '10:00:00', 2, 4, 247, 290),
(77292, 2018, '2018-11-29', '08:00:00', '10:00:00', 2, 4, 247, 290),
(77293, 2018, '2018-12-06', '08:00:00', '10:00:00', 2, 4, 247, 290),
(77295, 2018, '2018-12-20', '08:00:00', '10:00:00', 2, 4, 247, 290),
(77296, 2018, '2019-01-10', '08:00:00', '10:00:00', 2, 4, 247, 290),
(77297, 2018, '2019-01-17', '08:00:00', '10:00:00', 2, 4, 247, 290),
(77298, 2018, '2019-01-24', '08:00:00', '10:00:00', 2, 4, 247, 290),
(77299, 2018, '2019-01-31', '08:00:00', '10:00:00', 2, 4, 247, 290),
(77300, 2018, '2019-02-07', '08:00:00', '10:00:00', 2, 4, 247, 290),
(77301, 2018, '2019-02-14', '08:00:00', '10:00:00', 2, 4, 247, 290),
(77302, 2018, '2019-02-28', '08:00:00', '10:00:00', 2, 4, 247, 290),
(77303, 2018, '2019-03-07', '08:00:00', '10:00:00', 2, 4, 247, 290),
(77304, 2018, '2019-03-14', '08:00:00', '10:00:00', 2, 4, 247, 290),
(77306, 2018, '2019-03-28', '08:00:00', '10:00:00', 2, 4, 247, 290),
(77307, 2018, '2019-04-04', '08:00:00', '10:00:00', 2, 4, 247, 290),
(77308, 2018, '2019-04-11', '08:00:00', '10:00:00', 2, 4, 247, 290),
(77309, 2018, '2019-04-25', '08:00:00', '10:00:00', 2, 4, 247, 290),
(77310, 2018, '2019-05-02', '08:00:00', '10:00:00', 2, 4, 247, 290),
(77311, 2018, '2019-05-09', '08:00:00', '10:00:00', 2, 4, 247, 290),
(77312, 2018, '2019-05-16', '08:00:00', '10:00:00', 2, 4, 247, 290),
(77313, 2018, '2019-05-23', '08:00:00', '10:00:00', 2, 4, 247, 290),
(77314, 2018, '2019-06-06', '08:00:00', '10:00:00', 2, 4, 247, 290),
(77316, 2018, '2019-06-20', '08:00:00', '10:00:00', 2, 4, 247, 290),
(77317, 2018, '2019-06-27', '08:00:00', '10:00:00', 2, 4, 247, 290),
(77318, 2018, '2019-07-04', '08:00:00', '10:00:00', 2, 4, 247, 290),
(77336, 2018, '2018-11-23', '12:00:00', '13:00:00', 1, 72, 12, 288),
(77337, 2018, '2018-11-23', '14:00:00', '18:00:00', 4, 78, 296, 288),
(77338, 2018, '2018-11-22', '08:00:00', '10:00:00', 2, 76, 32, 288),
(77339, 2018, '2018-11-22', '10:00:00', '12:00:00', 2, 4, 16, 288),
(77340, 2018, '2018-11-22', '13:00:00', '18:00:00', 5, 77, 280, 288),
(77344, 2018, '2018-11-15', '14:00:00', '18:00:00', 4, 78, 296, 288),
(77486, 2018, '2018-12-06', '16:00:00', '18:00:00', 2, 14, 21, 291),
(77487, 2018, '2018-12-20', '16:00:00', '18:00:00', 2, 14, 21, 291),
(77488, 2018, '2019-01-17', '16:00:00', '18:00:00', 2, 14, 21, 291),
(77489, 2018, '2019-01-31', '16:00:00', '18:00:00', 2, 14, 21, 291),
(77490, 2018, '2019-02-14', '16:00:00', '18:00:00', 2, 14, 21, 291),
(77491, 2018, '2019-03-07', '16:00:00', '18:00:00', 2, 14, 21, 291),
(77492, 2018, '2019-03-21', '16:00:00', '18:00:00', 2, 14, 21, 291),
(77493, 2018, '2019-04-04', '16:00:00', '18:00:00', 2, 14, 21, 291),
(77494, 2018, '2019-04-25', '16:00:00', '18:00:00', 2, 14, 21, 291),
(77495, 2018, '2019-05-09', '16:00:00', '18:00:00', 2, 14, 21, 291),
(77496, 2018, '2019-05-23', '16:00:00', '18:00:00', 2, 14, 21, 291),
(77497, 2018, '2019-06-06', '16:00:00', '18:00:00', 2, 14, 21, 291),
(77498, 2018, '2019-06-27', '16:00:00', '18:00:00', 2, 14, 21, 291),
(77499, 2018, '2018-11-29', '08:00:00', '10:00:00', 2, 76, 32, 288),
(77500, 2018, '2018-12-06', '08:00:00', '10:00:00', 2, 76, 32, 288),
(77503, 2018, '2019-01-10', '08:00:00', '10:00:00', 2, 76, 32, 288),
(77504, 2018, '2019-01-17', '08:00:00', '10:00:00', 2, 76, 32, 288),
(77505, 2018, '2019-01-24', '08:00:00', '10:00:00', 2, 76, 32, 288),
(77506, 2018, '2019-01-31', '08:00:00', '10:00:00', 2, 76, 32, 288),
(77507, 2018, '2019-02-07', '08:00:00', '10:00:00', 2, 76, 32, 288),
(77508, 2018, '2019-02-14', '08:00:00', '10:00:00', 2, 76, 32, 288),
(77509, 2018, '2019-02-28', '08:00:00', '10:00:00', 2, 76, 32, 288),
(77510, 2018, '2019-03-07', '08:00:00', '10:00:00', 2, 76, 32, 288),
(77511, 2018, '2019-03-14', '08:00:00', '10:00:00', 2, 76, 32, 288),
(77513, 2018, '2019-03-28', '08:00:00', '10:00:00', 2, 76, 32, 288),
(77514, 2018, '2019-04-04', '08:00:00', '10:00:00', 2, 76, 32, 288),
(77515, 2018, '2019-04-11', '08:00:00', '10:00:00', 2, 76, 32, 288),
(77516, 2018, '2019-04-25', '08:00:00', '10:00:00', 2, 76, 32, 288),
(77517, 2018, '2019-05-02', '08:00:00', '10:00:00', 2, 76, 32, 288),
(77518, 2018, '2019-05-09', '08:00:00', '10:00:00', 2, 76, 32, 288),
(77519, 2018, '2019-05-16', '08:00:00', '10:00:00', 2, 76, 32, 288),
(77520, 2018, '2019-05-23', '08:00:00', '10:00:00', 2, 76, 32, 288),
(77522, 2018, '2019-06-06', '08:00:00', '10:00:00', 2, 76, 32, 288),
(77523, 2018, '2019-06-13', '08:00:00', '10:00:00', 2, 76, 32, 288),
(77524, 2018, '2019-06-20', '08:00:00', '10:00:00', 2, 76, 32, 288),
(77525, 2018, '2019-06-27', '08:00:00', '10:00:00', 2, 76, 32, 288),
(77526, 2018, '2019-07-04', '08:00:00', '10:00:00', 2, 76, 32, 288),
(77527, 2018, '2018-11-29', '10:00:00', '12:00:00', 2, 4, 16, 288),
(77528, 2018, '2018-12-06', '10:00:00', '12:00:00', 2, 4, 16, 288),
(77530, 2018, '2018-12-20', '10:00:00', '12:00:00', 2, 4, 16, 288),
(77531, 2018, '2019-01-10', '10:00:00', '12:00:00', 2, 4, 16, 288),
(77532, 2018, '2019-01-17', '10:00:00', '12:00:00', 2, 4, 16, 288),
(77533, 2018, '2019-01-24', '10:00:00', '12:00:00', 2, 4, 16, 288);
INSERT INTO `courses` (`course_id`, `academic_year`, `course_date`, `start_time`, `end_time`, `course_duration`, `subject_id`, `professor_id`, `class_id`) VALUES
(77534, 2018, '2019-01-31', '10:00:00', '12:00:00', 2, 4, 16, 288),
(77535, 2018, '2019-06-04', '16:00:00', '18:00:00', 2, 4, 16, 288),
(77536, 2018, '2019-02-14', '10:00:00', '12:00:00', 2, 4, 16, 288),
(77537, 2018, '2019-02-28', '10:00:00', '12:00:00', 2, 4, 16, 288),
(77538, 2018, '2019-03-07', '10:00:00', '12:00:00', 2, 4, 16, 288),
(77539, 2018, '2019-03-14', '10:00:00', '12:00:00', 2, 4, 16, 288),
(77541, 2018, '2019-03-28', '10:00:00', '12:00:00', 2, 4, 16, 288),
(77542, 2018, '2019-04-04', '10:00:00', '12:00:00', 2, 4, 16, 288),
(77543, 2018, '2019-04-11', '10:00:00', '12:00:00', 2, 4, 16, 288),
(77544, 2018, '2019-04-25', '10:00:00', '12:00:00', 2, 4, 16, 288),
(77545, 2018, '2019-05-02', '10:00:00', '12:00:00', 2, 4, 16, 288),
(77546, 2018, '2019-05-09', '10:00:00', '12:00:00', 2, 4, 16, 288),
(77547, 2018, '2019-05-16', '10:00:00', '12:00:00', 2, 4, 16, 288),
(77548, 2018, '2019-05-23', '10:00:00', '12:00:00', 2, 4, 16, 288),
(77550, 2018, '2019-06-06', '10:00:00', '12:00:00', 2, 4, 16, 288),
(77551, 2018, '2019-06-13', '10:00:00', '12:00:00', 2, 4, 16, 288),
(77552, 2018, '2019-06-20', '10:00:00', '12:00:00', 2, 4, 16, 288),
(77553, 2018, '2019-06-27', '10:00:00', '12:00:00', 2, 4, 16, 288),
(77554, 2018, '2019-07-04', '10:00:00', '12:00:00', 2, 4, 16, 288),
(77555, 2018, '2018-11-29', '13:00:00', '16:00:00', 3, 77, 280, 288),
(77557, 2018, '2018-12-13', '13:00:00', '16:00:00', 3, 77, 280, 288),
(77558, 2018, '2018-12-20', '13:00:00', '16:00:00', 3, 77, 280, 288),
(77559, 2018, '2019-01-10', '13:00:00', '16:00:00', 3, 77, 280, 288),
(77560, 2018, '2019-01-17', '13:00:00', '16:00:00', 3, 77, 280, 288),
(77561, 2018, '2019-01-24', '13:00:00', '16:00:00', 3, 77, 280, 288),
(77562, 2018, '2019-01-31', '13:00:00', '18:00:00', 5, 77, 280, 288),
(77563, 2018, '2019-02-07', '13:00:00', '16:00:00', 3, 77, 280, 288),
(77564, 2018, '2019-02-14', '13:00:00', '16:00:00', 3, 77, 280, 288),
(77565, 2018, '2019-02-28', '13:00:00', '16:00:00', 3, 77, 280, 288),
(77566, 2018, '2019-03-07', '13:00:00', '16:00:00', 3, 77, 280, 288),
(77567, 2018, '2019-03-14', '13:00:00', '16:00:00', 3, 77, 280, 288),
(77568, 2018, '2019-03-21', '13:00:00', '16:00:00', 3, 77, 280, 288),
(77569, 2018, '2019-03-28', '13:00:00', '16:00:00', 3, 77, 280, 288),
(77570, 2018, '2019-04-04', '13:00:00', '16:00:00', 3, 77, 280, 288),
(77573, 2018, '2019-05-02', '13:00:00', '16:00:00', 3, 77, 280, 288),
(77574, 2018, '2019-05-09', '13:00:00', '16:00:00', 3, 77, 280, 288),
(77575, 2018, '2019-05-16', '13:00:00', '16:00:00', 3, 77, 280, 288),
(77576, 2018, '2019-05-23', '13:00:00', '16:00:00', 3, 77, 280, 288),
(77578, 2018, '2019-06-06', '13:00:00', '16:00:00', 3, 77, 280, 288),
(77579, 2018, '2019-06-13', '13:00:00', '16:00:00', 3, 77, 280, 288),
(77580, 2018, '2019-06-20', '13:00:00', '16:00:00', 3, 77, 280, 288),
(77581, 2018, '2019-06-27', '13:00:00', '16:00:00', 3, 77, 280, 288),
(77582, 2018, '2019-07-04', '13:00:00', '16:00:00', 3, 77, 280, 288),
(77583, 2018, '2018-11-30', '12:00:00', '13:00:00', 1, 72, 12, 288),
(77585, 2018, '2018-12-14', '12:00:00', '13:00:00', 1, 72, 12, 288),
(77586, 2018, '2018-12-21', '12:00:00', '13:00:00', 1, 72, 12, 288),
(77587, 2018, '2019-01-11', '12:00:00', '13:00:00', 1, 72, 12, 288),
(77588, 2018, '2019-01-18', '12:00:00', '13:00:00', 1, 72, 12, 288),
(77589, 2018, '2019-01-25', '12:00:00', '13:00:00', 1, 72, 12, 288),
(77590, 2018, '2019-06-06', '16:00:00', '18:00:00', 2, 72, 12, 288),
(77592, 2018, '2019-02-15', '12:00:00', '13:00:00', 1, 72, 12, 288),
(77593, 2018, '2019-03-01', '12:00:00', '13:00:00', 1, 72, 12, 288),
(77594, 2018, '2019-03-08', '12:00:00', '13:00:00', 1, 72, 12, 288),
(77595, 2018, '2019-03-15', '12:00:00', '13:00:00', 1, 72, 12, 288),
(77596, 2018, '2019-03-22', '12:00:00', '13:00:00', 1, 72, 12, 288),
(77597, 2018, '2019-03-29', '12:00:00', '13:00:00', 1, 72, 12, 288),
(77598, 2018, '2019-04-05', '12:00:00', '13:00:00', 1, 72, 12, 288),
(77599, 2018, '2019-04-12', '12:00:00', '13:00:00', 1, 72, 12, 288),
(77600, 2018, '2019-04-26', '12:00:00', '13:00:00', 1, 72, 12, 288),
(77601, 2018, '2019-05-03', '12:00:00', '13:00:00', 1, 72, 12, 288),
(77602, 2018, '2019-05-10', '12:00:00', '13:00:00', 1, 72, 12, 288),
(77603, 2018, '2019-05-17', '12:00:00', '13:00:00', 1, 72, 12, 288),
(77604, 2018, '2019-05-24', '12:00:00', '13:00:00', 1, 72, 12, 288),
(77605, 2018, '2019-05-31', '12:00:00', '13:00:00', 1, 72, 12, 288),
(77606, 2018, '2019-06-07', '12:00:00', '13:00:00', 1, 72, 12, 288),
(77607, 2018, '2019-06-14', '12:00:00', '13:00:00', 1, 72, 12, 288),
(77608, 2018, '2019-06-21', '12:00:00', '13:00:00', 1, 72, 12, 288),
(77609, 2018, '2019-06-28', '12:00:00', '13:00:00', 1, 72, 12, 288),
(77610, 2018, '2019-07-05', '12:00:00', '13:00:00', 1, 72, 12, 288),
(77611, 2018, '2018-11-30', '14:00:00', '18:00:00', 4, 78, 296, 288),
(77612, 2018, '2018-12-07', '15:00:00', '18:00:00', 3, 78, 296, 288),
(77613, 2018, '2018-12-14', '14:00:00', '18:00:00', 4, 78, 296, 288),
(77614, 2018, '2018-12-21', '14:00:00', '18:00:00', 4, 78, 296, 288),
(77615, 2018, '2019-01-11', '14:00:00', '18:00:00', 4, 78, 296, 288),
(77616, 2018, '2019-01-18', '14:00:00', '18:00:00', 4, 78, 296, 288),
(77617, 2018, '2019-01-25', '14:00:00', '15:50:00', 2, 78, 296, 288),
(77618, 2018, '2019-02-01', '14:00:00', '18:00:00', 4, 78, 296, 288),
(77619, 2018, '2019-02-08', '13:30:00', '17:30:00', 4, 78, 296, 288),
(77620, 2018, '2019-02-15', '14:00:00', '18:00:00', 4, 78, 296, 288),
(77621, 2018, '2019-03-01', '14:00:00', '18:00:00', 4, 78, 296, 288),
(77622, 2018, '2019-03-08', '14:00:00', '18:00:00', 4, 78, 296, 288),
(77623, 2018, '2019-03-15', '14:00:00', '18:00:00', 4, 78, 296, 288),
(77624, 2018, '2019-03-22', '14:00:00', '18:00:00', 4, 78, 296, 288),
(77625, 2018, '2019-03-29', '14:00:00', '18:00:00', 4, 78, 296, 288),
(77626, 2018, '2019-04-05', '14:00:00', '18:00:00', 4, 78, 296, 288),
(77627, 2018, '2019-04-12', '14:00:00', '18:00:00', 4, 78, 296, 288),
(77629, 2018, '2019-05-03', '14:00:00', '18:00:00', 4, 78, 296, 288),
(77630, 2018, '2019-05-10', '14:00:00', '18:00:00', 4, 78, 296, 288),
(77631, 2018, '2019-05-17', '14:00:00', '18:00:00', 4, 78, 296, 288),
(77632, 2018, '2019-05-24', '14:00:00', '18:00:00', 4, 78, 296, 288),
(77633, 2018, '2019-05-31', '14:00:00', '18:00:00', 4, 78, 296, 288),
(77634, 2018, '2019-06-07', '14:00:00', '18:00:00', 4, 78, 296, 288),
(77635, 2018, '2019-06-14', '14:00:00', '18:00:00', 4, 78, 296, 288),
(77636, 2018, '2019-06-21', '14:00:00', '18:00:00', 4, 78, 296, 288),
(77637, 2018, '2019-06-28', '14:00:00', '18:00:00', 4, 78, 296, 288),
(77638, 2018, '2019-07-05', '14:00:00', '18:00:00', 4, 78, 296, 288),
(77639, 2018, '2019-01-17', '16:00:00', '18:00:00', 2, 6, 296, 288),
(77641, 2018, '2019-02-14', '16:00:00', '18:00:00', 2, 6, 296, 288),
(77642, 2018, '2019-03-07', '16:00:00', '18:00:00', 2, 6, 296, 288),
(77643, 2018, '2019-03-21', '16:00:00', '18:00:00', 2, 6, 296, 288),
(77644, 2018, '2019-04-04', '16:00:00', '18:00:00', 2, 6, 296, 288),
(77645, 2018, '2019-04-25', '15:00:00', '18:00:00', 3, 6, 296, 288),
(77646, 2018, '2019-05-09', '16:00:00', '18:00:00', 2, 6, 296, 288),
(77647, 2018, '2019-05-23', '16:00:00', '18:00:00', 2, 6, 296, 288),
(77649, 2018, '2019-06-13', '16:00:00', '18:00:00', 2, 6, 296, 288),
(77650, 2018, '2019-06-27', '16:00:00', '18:00:00', 2, 6, 296, 288),
(77652, 2018, '2018-12-20', '16:00:00', '18:00:00', 2, 6, 296, 288),
(77653, 2018, '2018-11-30', '08:00:00', '10:00:00', 2, 14, 252, 287),
(77654, 2018, '2018-11-30', '10:00:00', '12:00:00', 2, 4, 252, 287),
(77655, 2018, '2018-12-06', '10:00:00', '13:00:00', 3, 67, 228, 287),
(77656, 2018, '2018-12-14', '14:00:00', '16:00:00', 2, 66, 252, 287),
(77657, 2018, '2018-12-14', '16:00:00', '18:00:00', 2, 19, 252, 287),
(77660, 2018, '2019-04-12', '14:00:00', '16:00:00', 2, 66, 177, 287),
(77661, 2018, '2019-04-12', '16:00:00', '18:00:00', 2, 19, 177, 287),
(77662, 2018, '2019-04-25', '14:00:00', '16:00:00', 2, 56, 177, 287),
(77663, 2018, '2019-04-25', '16:00:00', '18:00:00', 2, 18, 177, 287),
(77664, 2018, '2019-05-03', '08:00:00', '10:00:00', 2, 14, 177, 287),
(77665, 2018, '2019-05-03', '10:00:00', '12:00:00', 2, 4, 177, 287),
(77666, 2018, '2019-05-09', '08:00:00', '12:00:00', 4, 67, 177, 287),
(77667, 2018, '2019-01-21', '09:00:00', '12:00:00', 3, 36, 252, 287),
(77668, 2018, '2019-01-21', '13:00:00', '15:00:00', 2, 28, 252, 287),
(77669, 2018, '2019-01-21', '15:10:00', '16:40:00', 1.5, 26, 252, 287),
(77670, 2018, '2019-01-22', '08:30:00', '10:30:00', 2, 48, 252, 287),
(77671, 2018, '2019-01-22', '10:40:00', '12:40:00', 2, 24, 252, 287),
(77672, 2018, '2019-01-22', '13:30:00', '15:30:00', 2, 23, 252, 287),
(77673, 2018, '2019-01-23', '09:00:00', '12:00:00', 3, 37, 252, 287),
(77674, 2018, '2019-01-24', '14:00:00', '16:00:00', 2, 33, 252, 287),
(77675, 2018, '2019-06-03', '09:00:00', '12:00:00', 3, 36, 177, 287),
(77676, 2018, '2019-06-03', '13:00:00', '15:00:00', 2, 28, 177, 287),
(77677, 2018, '2019-06-03', '15:10:00', '17:10:00', 2, 26, 177, 287),
(77678, 2018, '2019-06-04', '08:30:00', '10:30:00', 2, 48, 177, 287),
(77680, 2018, '2019-06-04', '14:00:00', '18:00:00', 4, 24, 177, 287),
(77681, 2018, '2019-06-05', '13:00:00', '17:00:00', 4, 37, 177, 287),
(77682, 2018, '2019-06-05', '10:00:00', '12:00:00', 2, 33, 177, 287),
(77683, 2018, '2019-06-04', '10:45:00', '12:45:00', 2, 23, 177, 287),
(77686, 2018, '2018-12-06', '14:30:00', '16:00:00', 1.5, 72, 252, 288),
(77689, 2018, '2018-12-07', '13:00:00', '15:00:00', 2, 77, 252, 288),
(77690, 2018, '2018-12-13', '08:00:00', '10:00:00', 2, 4, 252, 288),
(77691, 2018, '2018-12-13', '10:00:00', '12:00:00', 2, 76, 252, 288),
(77692, 2018, '2018-12-14', '08:00:00', '10:00:00', 2, 78, 252, 288),
(77693, 2018, '2019-04-26', '16:00:00', '18:00:00', 2, 72, 177, 288),
(77695, 2018, '2019-03-21', '10:00:00', '12:00:00', 2, 76, 177, 288),
(77698, 2018, '2019-03-21', '08:00:00', '10:00:00', 2, 78, 177, 288),
(77699, 2018, '2019-04-26', '14:00:00', '16:00:00', 2, 4, 177, 288),
(77700, 2018, '2019-04-25', '13:00:00', '15:00:00', 2, 77, 177, 288),
(77703, 2018, '2019-01-21', '09:00:00', '10:00:00', 1, 80, 228, 288),
(77704, 2018, '2019-01-22', '09:00:00', '10:00:00', 1, 80, 228, 288),
(77705, 2018, '2019-01-23', '09:00:00', '10:00:00', 1, 80, 228, 288),
(77708, 2018, '2019-01-21', '10:10:00', '12:10:00', 2, 24, 228, 288),
(77709, 2018, '2019-01-21', '10:10:00', '12:10:00', 2, 24, 228, 288),
(77710, 2018, '2019-01-21', '13:15:00', '15:15:00', 2, 23, 228, 288),
(77711, 2018, '2019-01-22', '10:10:00', '12:10:00', 2, 43, 228, 288),
(77714, 2018, '2019-01-22', '13:15:00', '16:15:00', 3, 25, 228, 288),
(77715, 2018, '2019-01-22', '13:15:00', '16:15:00', 3, 25, 228, 288),
(77716, 2018, '2019-01-23', '10:10:00', '12:10:00', 2, 42, 228, 288),
(77717, 2018, '2019-01-23', '13:00:00', '16:00:00', 3, 44, 296, 288),
(77718, 2018, '2019-06-03', '08:30:00', '12:30:00', 4, 24, 177, 288),
(77719, 2018, '2019-06-03', '08:30:00', '12:30:00', 4, 24, 177, 288),
(77720, 2018, '2019-06-03', '13:30:00', '15:30:00', 2, 23, 177, 288),
(77721, 2018, '2019-06-04', '08:30:00', '12:30:00', 4, 25, 177, 288),
(77722, 2018, '2019-06-04', '08:30:00', '12:30:00', 4, 25, 177, 288),
(77723, 2018, '2019-06-04', '13:30:00', '16:00:00', 2.5, 43, 177, 288),
(77724, 2018, '2019-06-05', '09:30:00', '12:00:00', 2.5, 42, 177, 288),
(77725, 2018, '2019-06-05', '13:00:00', '16:00:00', 3, 44, 177, 288),
(77726, 2018, '2018-11-28', '13:00:00', '15:00:00', 2, 51, 252, 289),
(77727, 2018, '2018-11-28', '15:00:00', '17:00:00', 2, 1, 252, 289),
(77728, 2018, '2018-11-28', '15:00:00', '17:00:00', 2, 50, 252, 289),
(77729, 2018, '2018-12-03', '08:00:00', '11:00:00', 3, 14, 228, 289),
(77730, 2018, '2018-12-04', '08:30:00', '10:30:00', 2, 20, 228, 289),
(77731, 2018, '2018-12-04', '10:30:00', '11:30:00', 1, 15, 228, 289),
(77732, 2018, '2018-12-10', '08:00:00', '09:30:00', 1.5, 73, 228, 289),
(77733, 2018, '2018-12-10', '09:30:00', '11:00:00', 1.5, 59, 228, 289),
(77734, 2018, '2018-12-12', '09:00:00', '10:00:00', 1, 54, 252, 289),
(77735, 2018, '2018-12-12', '10:10:00', '12:00:00', 2, 66, 252, 289),
(77736, 2018, '2019-03-12', '13:00:00', '15:00:00', 2, 73, 177, 289),
(77737, 2018, '2019-03-12', '15:00:00', '17:00:00', 2, 59, 177, 289),
(77738, 2018, '2019-03-19', '09:00:00', '12:00:00', 3, 51, 177, 289),
(77739, 2018, '2019-04-08', '08:00:00', '11:00:00', 3, 14, 177, 289),
(77740, 2018, '2019-04-11', '08:30:00', '10:30:00', 2, 20, 177, 289),
(77741, 2018, '2019-04-11', '10:30:00', '12:00:00', 1.5, 15, 177, 289),
(77742, 2018, '2019-04-23', '15:00:00', '18:00:00', 3, 4, 252, 289),
(77743, 2018, '2019-04-24', '15:00:00', '18:00:00', 3, 1, 177, 289),
(77744, 2018, '2019-04-24', '15:00:00', '18:00:00', 3, 50, 177, 289),
(77745, 2018, '2019-04-25', '13:00:00', '14:00:00', 1, 54, 177, 289),
(77746, 2018, '2019-04-25', '14:00:00', '17:00:00', 3, 66, 177, 289),
(77747, 2018, '2019-01-07', '09:00:00', '12:00:00', 3, 36, 252, 289),
(77748, 2018, '2019-01-07', '13:00:00', '16:00:00', 3, 23, 252, 289),
(77750, 2018, '2019-01-08', '10:00:00', '12:00:00', 2, 24, 228, 289),
(77751, 2018, '2019-01-08', '13:00:00', '16:00:00', 3, 41, 228, 289),
(77752, 2018, '2019-01-09', '09:00:00', '12:00:00', 3, 21, 252, 289),
(77753, 2018, '2019-01-09', '09:00:00', '12:00:00', 4, 30, 252, 289),
(77754, 2018, '2019-01-09', '13:00:00', '17:00:00', 4, 29, 252, 289),
(77755, 2018, '2019-01-10', '09:00:00', '12:00:00', 3, 22, 228, 289),
(77756, 2018, '2019-01-10', '13:30:00', '15:00:00', 1.5, 32, 228, 289),
(77757, 2018, '2019-01-10', '15:15:00', '17:15:00', 2, 38, 228, 289),
(77758, 2018, '2019-05-20', '09:00:00', '12:00:00', 3, 36, 177, 289),
(77759, 2018, '2019-05-20', '13:00:00', '16:00:00', 3, 23, 177, 289),
(77761, 2018, '2019-05-21', '09:00:00', '13:00:00', 4, 24, 177, 289),
(77762, 2018, '2019-05-21', '14:00:00', '17:00:00', 3, 41, 177, 289),
(77763, 2018, '2019-05-22', '09:00:00', '12:00:00', 3, 22, 177, 289),
(77764, 2018, '2019-05-22', '13:30:00', '15:00:00', 1.5, 32, 177, 289),
(77765, 2018, '2019-05-22', '15:15:00', '17:15:00', 2, 38, 177, 289),
(77766, 2018, '2019-05-23', '09:00:00', '12:00:00', 3, 21, 177, 289),
(77767, 2018, '2019-05-23', '09:00:00', '12:00:00', 4, 30, 177, 289),
(77768, 2018, '2019-05-23', '13:00:00', '17:00:00', 4, 29, 177, 289),
(77770, 2018, '2018-11-21', '10:00:00', '12:00:00', 2, 4, 5, 289),
(77772, 2018, '2018-12-06', '14:30:00', '16:00:00', 1.5, 55, 252, 290),
(77773, 2018, '2018-12-07', '13:00:00', '15:00:00', 2, 58, 252, 290),
(77774, 2018, '2018-12-13', '08:00:00', '10:00:00', 2, 4, 252, 290),
(77775, 2018, '2018-12-13', '10:00:00', '12:00:00', 2, 82, 252, 290),
(77776, 2018, '2018-12-14', '08:00:00', '10:00:00', 2, 11, 228, 290),
(77777, 2018, '2019-03-21', '08:00:00', '10:00:00', 2, 55, 177, 290),
(77778, 2018, '2019-03-21', '10:00:00', '12:00:00', 2, 11, 177, 290),
(77779, 2018, '2019-04-25', '16:00:00', '18:00:00', 2, 58, 177, 290),
(77780, 2018, '2019-04-26', '13:00:00', '15:00:00', 2, 4, 177, 290),
(77781, 2018, '2019-04-26', '15:00:00', '18:00:00', 3, 82, 177, 290),
(77782, 2018, '2019-01-07', '13:00:00', '15:00:00', 2, 24, 228, 290),
(77783, 2018, '2019-01-07', '13:00:00', '15:00:00', 2, 24, 228, 290),
(77784, 2018, '2019-01-08', '09:00:00', '12:00:00', 3, 45, 252, 290),
(77785, 2018, '2019-01-08', '13:00:00', '15:00:00', 2, 31, 252, 290),
(77786, 2018, '2019-01-08', '15:15:00', '17:15:00', 2, 23, 252, 290),
(77787, 2018, '2019-01-09', '09:00:00', '12:00:00', 3, 35, 228, 290),
(77788, 2018, '2019-01-09', '13:00:00', '15:00:00', 2, 47, 228, 290),
(77789, 2018, '2019-01-07', '09:00:00', '12:00:00', 3, 25, 228, 290),
(77790, 2018, '2019-01-07', '09:00:00', '12:00:00', 3, 25, 228, 290),
(77792, 2018, '2019-01-23', '16:00:00', '18:00:00', 2, 14, 265, 290),
(77793, 2018, '2019-06-11', '08:30:00', '12:30:00', 4, 25, 177, 290),
(77794, 2018, '2019-06-11', '08:30:00', '12:30:00', 4, 25, 177, 290),
(77795, 2018, '2019-06-13', '13:00:00', '17:00:00', 4, 24, 177, 290),
(77796, 2018, '2019-06-13', '13:00:00', '17:00:00', 4, 24, 177, 290),
(77797, 2018, '2019-06-12', '13:00:00', '15:00:00', 2, 47, 177, 290),
(77798, 2018, '2019-06-12', '09:00:00', '12:00:00', 3, 45, 177, 290),
(77799, 2018, '2019-06-12', '15:10:00', '17:10:00', 2, 31, 177, 290),
(77800, 2018, '2019-06-11', '13:30:00', '16:30:00', 3, 35, 177, 290),
(77801, 2018, '2019-06-13', '08:00:00', '10:00:00', 2, 23, 177, 290),
(77802, 2018, '2018-11-27', '14:00:00', '16:00:00', 2, 68, 252, 291),
(77803, 2018, '2018-11-27', '16:00:00', '18:00:00', 2, 1, 252, 291),
(77804, 2018, '2018-11-27', '16:00:00', '18:00:00', 2, 50, 252, 291),
(77805, 2018, '2018-12-20', '08:00:00', '10:00:00', 2, 69, 228, 291),
(77806, 2018, '2018-12-20', '10:00:00', '13:00:00', 3, 86, 228, 291),
(77807, 2018, '2018-12-20', '14:00:00', '16:00:00', 2, 14, 228, 291),
(77808, 2018, '2018-12-20', '14:00:00', '16:00:00', 2, 14, 228, 291),
(77809, 2018, '2019-03-26', '08:00:00', '10:00:00', 2, 16, 252, 291),
(77810, 2018, '2019-03-26', '08:00:00', '10:00:00', 2, 16, 228, 291),
(77811, 2018, '2019-03-26', '10:00:00', '12:00:00', 2, 4, 228, 291),
(77812, 2018, '2019-03-26', '10:00:00', '12:00:00', 2, 4, 252, 291),
(77813, 2018, '2019-04-02', '14:00:00', '16:00:00', 2, 68, 177, 291),
(77814, 2018, '2019-04-02', '16:00:00', '18:00:00', 2, 1, 177, 291),
(77815, 2018, '2019-04-02', '16:00:00', '18:00:00', 2, 50, 177, 291),
(77816, 2018, '2019-05-02', '16:00:00', '18:00:00', 2, 14, 177, 291),
(77817, 2018, '2019-05-02', '16:00:00', '18:00:00', 2, 14, 177, 291),
(77818, 2018, '2019-05-16', '08:00:00', '10:00:00', 2, 69, 177, 291),
(77819, 2018, '2019-05-16', '10:00:00', '13:00:00', 3, 86, 177, 291),
(77828, 2018, '2019-01-14', '10:45:00', '12:45:00', 2, 27, 252, 291),
(77829, 2018, '2019-01-14', '14:00:00', '16:00:00', 2, 39, 252, 291),
(77830, 2018, '2019-01-14', '08:30:00', '10:30:00', 2, 21, 252, 291),
(77831, 2018, '2019-01-14', '08:30:00', '10:30:00', 2, 30, 252, 291),
(77832, 2018, '2019-01-16', '13:00:00', '15:00:00', 2, 23, 228, 291),
(77833, 2018, '2019-01-16', '13:00:00', '15:00:00', 2, 23, 228, 291),
(77834, 2018, '2019-01-16', '09:00:00', '12:00:00', 3, 46, 228, 291),
(77835, 2018, '2019-01-18', '08:30:00', '10:30:00', 2, 40, 252, 291),
(77836, 2018, '2019-01-18', '10:45:00', '12:45:00', 2, 34, 252, 291),
(77837, 2018, '2019-01-18', '14:00:00', '16:00:00', 2, 24, 252, 291),
(77838, 2018, '2019-01-18', '14:00:00', '16:00:00', 2, 24, 252, 291),
(77839, 2018, '2019-06-12', '08:30:00', '10:30:00', 2, 27, 177, 291),
(77840, 2018, '2019-06-12', '10:45:00', '12:45:00', 2, 39, 177, 291),
(77841, 2018, '2019-06-12', '14:00:00', '16:00:00', 2, 21, 177, 291),
(77842, 2018, '2019-06-12', '14:00:00', '16:00:00', 2, 30, 177, 291),
(77843, 2018, '2019-06-13', '09:00:00', '12:00:00', 3, 46, 177, 291),
(77844, 2018, '2019-06-13', '13:00:00', '17:00:00', 4, 24, 177, 291),
(77845, 2018, '2019-06-13', '13:00:00', '17:00:00', 4, 24, 177, 291),
(77846, 2018, '2019-06-14', '08:30:00', '10:30:00', 2, 40, 177, 291),
(77847, 2018, '2019-06-14', '10:45:00', '12:45:00', 2, 34, 177, 291),
(77848, 2018, '2019-06-14', '13:00:00', '15:00:00', 2, 23, 177, 291),
(77849, 2018, '2019-06-14', '13:00:00', '15:00:00', 2, 23, 177, 291),
(77862, 2018, '2018-11-27', '13:00:00', '15:00:00', 2, 14, 266, 289),
(77866, 2018, '2018-11-27', '14:00:00', '16:00:00', 2, 68, 252, 291),
(77867, 2018, '2018-11-30', '08:00:00', '10:00:00', 2, 14, 252, 287),
(77868, 2018, '2018-11-30', '10:00:00', '12:00:00', 2, 4, 252, 287),
(77873, 2018, '2018-11-29', '13:00:00', '16:00:00', 3, 6, 228, 290),
(77881, 2018, '2018-12-06', '10:00:00', '12:00:00', 2, 55, 231, 290),
(77894, 2018, '2018-12-06', '16:00:00', '18:00:00', 2, 76, 32, 288),
(77907, 2018, '2018-12-14', '14:00:00', '16:00:00', 2, 66, 252, 287),
(77908, 2018, '2018-12-14', '16:00:00', '18:00:00', 2, 19, 252, 287),
(77994, 2018, '2018-12-14', '11:00:00', '13:00:00', 2, 67, 12, 287),
(77995, 2018, '2018-12-20', '10:00:00', '12:00:00', 2, 19, 87, 287),
(77996, 2018, '2018-12-20', '08:00:00', '10:00:00', 2, 72, 87, 288),
(78008, 2018, '2019-02-08', '08:00:00', '10:00:00', 2, 14, 21, 287),
(78469, 2018, '2019-01-09', '10:00:00', '12:00:00', 2, 6, 296, 288),
(78471, 2018, '2019-01-23', '10:00:00', '12:00:00', 2, 6, 296, 290),
(78474, 2018, '2019-01-10', '13:00:00', '16:00:00', 3, 58, 283, 290),
(78495, 2018, '2019-01-15', '14:00:00', '16:00:00', 2, 9, 231, 291),
(78509, 2018, '2019-01-16', '10:00:00', '12:00:00', 2, 4, 5, 289),
(78510, 2018, '2019-01-23', '10:00:00', '12:00:00', 2, 59, 87, 289),
(78574, 2018, '2019-01-18', '15:00:00', '18:00:00', 3, 6, 109, 290),
(78585, 2018, '2019-01-23', '16:00:00', '18:00:00', 2, 78, 296, 288),
(78586, 2018, '2019-01-22', '13:30:00', '15:30:00', 2, 23, 252, 287),
(78697, 2018, '2019-02-08', '10:00:00', '11:00:00', 1, 14, 21, 287),
(78713, 2018, '2019-02-11', '10:00:00', '12:00:00', 2, 14, 21, 291),
(78714, 2018, '2019-02-05', '16:00:00', '18:00:00', 2, 16, 12, 291),
(78734, 2018, '2019-02-12', '10:00:00', '12:00:00', 2, 6, 299, 291),
(78735, 2018, '2019-02-26', '10:00:00', '12:00:00', 2, 6, 299, 291),
(78736, 2018, '2019-03-12', '10:00:00', '12:00:00', 2, 6, 299, 291),
(78737, 2018, '2019-04-09', '10:00:00', '12:00:00', 2, 6, 299, 291),
(78738, 2018, '2019-04-23', '10:00:00', '12:00:00', 2, 6, 299, 291),
(78742, 2018, '2019-02-15', '15:00:00', '18:00:00', 3, 58, 298, 290),
(78743, 2018, '2019-03-01', '15:00:00', '18:00:00', 3, 58, 298, 290),
(78744, 2018, '2019-03-08', '15:00:00', '18:00:00', 3, 58, 298, 290),
(78745, 2018, '2019-03-15', '15:00:00', '18:00:00', 3, 58, 298, 290),
(78746, 2018, '2019-03-22', '15:00:00', '18:00:00', 3, 58, 298, 290),
(78747, 2018, '2019-03-29', '15:00:00', '18:00:00', 3, 58, 298, 290),
(78748, 2018, '2019-04-05', '15:00:00', '18:00:00', 3, 58, 298, 290),
(78749, 2018, '2019-04-12', '15:00:00', '18:00:00', 3, 58, 298, 290),
(78750, 2018, '2019-05-03', '15:00:00', '18:00:00', 3, 58, 298, 290),
(78751, 2018, '2019-05-10', '15:00:00', '18:00:00', 3, 58, 298, 290),
(78752, 2018, '2019-05-17', '15:00:00', '18:00:00', 3, 58, 298, 290),
(78753, 2018, '2019-05-24', '15:00:00', '18:00:00', 3, 58, 298, 290),
(78754, 2018, '2019-05-31', '15:00:00', '18:00:00', 3, 58, 298, 290),
(78755, 2018, '2019-06-07', '15:00:00', '18:00:00', 3, 58, 298, 290),
(78756, 2018, '2019-06-14', '15:00:00', '18:00:00', 3, 58, 298, 290),
(78757, 2018, '2019-06-21', '15:00:00', '18:00:00', 3, 58, 298, 290),
(78758, 2018, '2019-06-28', '15:00:00', '18:00:00', 3, 58, 298, 290),
(78759, 2018, '2019-07-05', '15:00:00', '18:00:00', 3, 58, 298, 290);

-- --------------------------------------------------------

--
-- Table structure for table `professors`
--

DROP TABLE IF EXISTS `professors`;
CREATE TABLE `professors` (
  `professor_id` int(11) NOT NULL,
  `first_name` varchar(50) DEFAULT NULL,
  `last_name` varchar(50) DEFAULT NULL,
  `email` varchar(50) DEFAULT NULL,
  `gender` varchar(50) DEFAULT NULL
) ENGINE=InnoDB DEFAULT CHARSET=utf8;

--
-- Dumping data for table `professors`
--

INSERT INTO `professors` (`professor_id`, `first_name`, `last_name`, `email`, `gender`) VALUES
(1, 'Maëlle', 'Skiplorne', 'rskiplorne0@goo.gl', 'Male'),
(2, 'Estée', 'Bunstone', 'abunstone1@hugedomains.com', 'Female'),
(3, 'Dorothée', 'Addionisio', 'jaddionisio2@twitter.com', 'Male'),
(4, 'Eléonore', 'Scarlan', 'jscarlan3@netscape.com', 'Female'),
(5, 'Eléa', 'Dobey', 'cdobey4@bravesites.com', 'Female'),
(6, 'Noémie', 'Horbath', 'jhorbath5@youku.com', 'Male'),
(7, 'Judicaël', 'Ceaplen', 'bceaplen6@sciencedaily.com', 'Male'),
(8, 'Jú', 'Gebbe', 'agebbe7@narod.ru', 'Female'),
(9, 'Bénédicte', 'Cranmere', 'ncranmere8@addthis.com', 'Female'),
(10, 'Yè', 'Goode', 'bgoode9@artisteer.com', 'Male'),
(11, 'Börje', 'Girardoni', 'agirardonia@quantcast.com', 'Female'),
(12, 'Géraldine', 'Ghio', 'dghiob@eventbrite.com', 'Male'),
(13, 'Mélissandre', 'Yggo', 'byggoc@ftc.gov', 'Female'),
(14, 'Bérengère', 'Haste', 'lhasted@rediff.com', 'Female'),
(15, 'Marlène', 'Dovermann', 'ldovermanne@japanpost.jp', 'Male'),
(16, 'Yáo', 'Gallichiccio', 'rgallichicciof@columbia.edu', 'Male'),
(17, 'Léonore', 'Seccombe', 'cseccombeg@npr.org', 'Female'),
(18, 'Maëlyss', 'Iannetti', 'kiannettih@amazon.co.jp', 'Female'),
(19, 'Naëlle', 'Huxstep', 'ahuxstepi@vinaora.com', 'Female'),
(20, 'Danièle', 'Lismore', 'dlismorej@ucsd.edu', 'Female'),
(21, 'Gisèle', 'Jencken', 'cjenckenk@bluehost.com', 'Male'),
(22, 'Mén', 'Portwain', 'aportwainl@unicef.org', 'Female'),
(23, 'Judicaël', 'Issit', 'rissitm@miitbeian.gov.cn', 'Female'),
(24, 'Lèi', 'Haggerty', 'ahaggertyn@bravesites.com', 'Male'),
(25, 'Loïca', 'Krugmann', 'rkrugmanno@bloglines.com', 'Female'),
(26, 'Kù', 'Girton', 'wgirtonp@weibo.com', 'Male'),
(27, 'Loïc', 'Shimmin', 'lshimminq@seattletimes.com', 'Male'),
(28, 'Frédérique', 'Farguhar', 'nfarguharr@shutterfly.com', 'Male'),
(29, 'Mà', 'Vicary', 'lvicarys@seattletimes.com', 'Male'),
(30, 'Simplifiés', 'Eliot', 'deliott@samsung.com', 'Female'),
(31, 'Méryl', 'Gudde', 'hguddeu@unicef.org', 'Male'),
(32, 'Athéna', 'Fincke', 'ffinckev@rakuten.co.jp', 'Male'),
(33, 'Geneviève', 'Kamiyama', 'ykamiyamaw@discovery.com', 'Female'),
(34, 'Bénédicte', 'Garnul', 'rgarnulx@cpanel.net', 'Female'),
(35, 'Océane', 'Keetley', 'bkeetleyy@cisco.com', 'Male'),
(36, 'Mélina', 'Sewall', 'fsewallz@booking.com', 'Male'),
(37, 'Maëlyss', 'Speck', 'lspeck10@home.pl', 'Female'),
(38, 'Léana', 'Norcott', 'hnorcott11@telegraph.co.uk', 'Female'),
(39, 'Ruò', 'Leggan', 'uleggan12@amazon.de', 'Female'),
(40, 'Kallisté', 'Lowseley', 'dlowseley13@irs.gov', 'Female'),
(41, 'Nadège', 'MacCurlye', 'amaccurlye14@chronoengine.com', 'Female'),
(42, 'Håkan', 'Cuddon', 'tcuddon15@instagram.com', 'Female'),
(43, 'Judicaël', 'McGonnell', 'amcgonnell16@slashdot.org', 'Female'),
(44, 'Agnès', 'Hordell', 'phordell17@soundcloud.com', 'Male'),
(45, 'Célestine', 'Matthiesen', 'imatthiesen18@amazonaws.com', 'Male'),
(46, 'Yè', 'Hacket', 'bhacket19@seattletimes.com', 'Male'),
(47, 'Eloïse', 'McAlarney', 'bmcalarney1a@sciencedirect.com', 'Male'),
(48, 'Pål', 'Cookley', 'acookley1b@scribd.com', 'Male'),
(49, 'Léonie', 'Jeayes', 'kjeayes1c@weibo.com', 'Male'),
(50, 'Marie-hélène', 'Pethrick', 'spethrick1d@nbcnews.com', 'Female'),
(51, 'Solène', 'Horburgh', 'dhorburgh1e@yellowbook.com', 'Female'),
(52, 'Lyséa', 'Lovelock', 'glovelock1f@simplemachines.org', 'Male'),
(53, 'Lài', 'Toffler', 'mtoffler1g@businessinsider.com', 'Female'),
(54, 'Vénus', 'Elsbury', 'ielsbury1h@bloomberg.com', 'Male'),
(55, 'Lorène', 'Brokenshaw', 'tbrokenshaw1i@google.co.jp', 'Female'),
(56, 'Cléa', 'Androsik', 'fandrosik1j@multiply.com', 'Male'),
(57, 'Ruì', 'Wallach', 'fwallach1k@shutterfly.com', 'Female'),
(58, 'Mélinda', 'McOwan', 'jmcowan1l@myspace.com', 'Male'),
(59, 'Séverine', 'Montgomery', 'amontgomery1m@google.es', 'Male'),
(60, 'Alizée', 'Prothero', 'tprothero1n@seattletimes.com', 'Male'),
(61, 'Lorène', 'Motto', 'emotto1o@gravatar.com', 'Male'),
(62, 'Médiamass', 'MacFadden', 'wmacfadden1p@rakuten.co.jp', 'Male'),
(63, 'Anaëlle', 'Rouff', 'prouff1q@nbcnews.com', 'Male'),
(64, 'Noëlla', 'Torrie', 'ctorrie1r@liveinternet.ru', 'Male'),
(65, 'Yáo', 'Halwell', 'bhalwell1s@google.ca', 'Male'),
(66, 'Andréanne', 'di Rocca', 'odirocca1t@artisteer.com', 'Female'),
(67, 'Cécile', 'Safell', 'asafell1u@linkedin.com', 'Male'),
(68, 'Léa', 'Dedmam', 'jdedmam1v@phoca.cz', 'Female'),
(69, 'Zoé', 'Kydde', 'ekydde1w@google.fr', 'Male'),
(70, 'Clémence', 'Paine', 'epaine1x@desdev.cn', 'Male'),
(71, 'Cécile', 'Skey', 'rskey1y@blog.com', 'Female'),
(72, 'Océane', 'Allston', 'hallston1z@e-recht24.de', 'Male'),
(73, 'Maëlle', 'Thome', 'vthome20@etsy.com', 'Male'),
(74, 'Aí', 'Dionsetti', 'sdionsetti21@a8.net', 'Female'),
(75, 'Océane', 'Oiller', 'toiller22@feedburner.com', 'Male'),
(76, 'Torbjörn', 'Jimmes', 'hjimmes23@cdc.gov', 'Male'),
(77, 'Hélèna', 'Deny', 'tdeny24@buzzfeed.com', 'Male'),
(78, 'Marie-josée', 'Carmo', 'ccarmo25@hp.com', 'Male'),
(79, 'Yóu', 'Draco', 'hdraco26@usatoday.com', 'Female'),
(80, 'Tú', 'Lowdiane', 'elowdiane27@guardian.co.uk', 'Male'),
(81, 'Loïs', 'Whelpton', 'lwhelpton28@51.la', 'Male'),
(82, 'Magdalène', 'Kingham', 'akingham29@nationalgeographic.com', 'Female'),
(83, 'Ophélie', 'Brackley', 'hbrackley2a@photobucket.com', 'Male'),
(84, 'Andréa', 'Blaiklock', 'sblaiklock2b@fda.gov', 'Male'),
(85, 'Tán', 'Wisbey', 'wwisbey2c@businesswire.com', 'Male'),
(86, 'Illustrée', 'Linde', 'tlinde2d@webmd.com', 'Male'),
(87, 'Maëlann', 'Bergeau', 'dbergeau2e@constantcontact.com', 'Male'),
(88, 'Ruò', 'Kryska', 'rkryska2f@soup.io', 'Male'),
(89, 'Ruò', 'Rigolle', 'hrigolle2g@bing.com', 'Female'),
(90, 'Estée', 'Benck', 'rbenck2h@pen.io', 'Male'),
(91, 'Méline', 'Leathem', 'bleathem2i@npr.org', 'Female'),
(92, 'Crééz', 'Apark', 'aapark2j@uol.com.br', 'Female'),
(93, 'Táng', 'Abels', 'iabels2k@businessinsider.com', 'Male'),
(94, 'Håkan', 'Bourke', 'rbourke2l@symantec.com', 'Male'),
(95, 'Anaëlle', 'Heisman', 'lheisman2m@craigslist.org', 'Female'),
(96, 'Andréanne', 'Noblett', 'tnoblett2n@cdbaby.com', 'Male'),
(97, 'Célestine', 'Thome', 'jthome2o@printfriendly.com', 'Female'),
(98, 'Mylène', 'Olenikov', 'colenikov2p@dailymail.co.uk', 'Male'),
(99, 'Annotés', 'Giraudel', 'ggiraudel2q@globo.com', 'Female'),
(100, 'Réjane', 'Truckett', 'ntruckett2r@mediafire.com', 'Female'),
(101, 'Salomé', 'Van Salzberger', 'avansalzberger2s@newsvine.com', 'Female'),
(102, 'Personnalisée', 'Stripling', 'vstripling2t@youtube.com', 'Female'),
(103, 'Salomé', 'Benck', 'dbenck2u@wikipedia.org', 'Male'),
(104, 'Yú', 'Dils', 'adils2v@unicef.org', 'Male'),
(105, 'Félicie', 'Garford', 'cgarford2w@netscape.com', 'Female'),
(106, 'Görel', 'Connichie', 'aconnichie2x@senate.gov', 'Male'),
(107, 'Laurène', 'Anten', 'manten2y@tiny.cc', 'Male'),
(108, 'Eléa', 'Rogge', 'srogge2z@mac.com', 'Male'),
(109, 'Faîtes', 'McKerron', 'jmckerron30@wix.com', 'Male'),
(110, 'Mégane', 'Crux', 'dcrux31@bbb.org', 'Male'),
(111, 'Estée', 'Doy', 'odoy32@hao123.com', 'Male'),
(112, 'Valérie', 'Dickerson', 'rdickerson33@slashdot.org', 'Male'),
(113, 'Valérie', 'Gritsunov', 'ugritsunov34@dot.gov', 'Male'),
(114, 'Yóu', 'Moule', 'mmoule35@disqus.com', 'Male'),
(115, 'Marie-françoise', 'McEachern', 'amceachern36@bluehost.com', 'Female'),
(116, 'Mélodie', 'Blaxter', 'sblaxter37@hatena.ne.jp', 'Male'),
(117, 'Börje', 'Mosey', 'smosey38@weebly.com', 'Male'),
(118, 'Mà', 'Triplow', 'dtriplow39@cdc.gov', 'Female'),
(119, 'Zoé', 'Ramage', 'rramage3a@tinypic.com', 'Female'),
(120, 'Eliès', 'Venn', 'fvenn3b@hostgator.com', 'Male'),
(121, 'Eloïse', 'Laskey', 'slaskey3c@answers.com', 'Male'),
(122, 'Estève', 'Conti', 'tconti3d@list-manage.com', 'Female'),
(123, 'Mélia', 'Henaughan', 'khenaughan3e@delicious.com', 'Male'),
(124, 'Agnès', 'Dawidowitsch', 'gdawidowitsch3f@edublogs.org', 'Male'),
(125, 'Kuí', 'Berger', 'aberger3g@go.com', 'Male'),
(126, 'Eliès', 'Paiton', 'tpaiton3h@dagondesign.com', 'Female'),
(127, 'Tú', 'Duddle', 'xduddle3i@webmd.com', 'Male'),
(128, 'Céline', 'Kelby', 'ckelby3j@sourceforge.net', 'Female'),
(129, 'Estée', 'Minall', 'nminall3k@unesco.org', 'Male'),
(130, 'Gwenaëlle', 'Work', 'cwork3l@mlb.com', 'Female'),
(131, 'Maïlis', 'Downage', 'bdownage3m@163.com', 'Female'),
(132, 'Miléna', 'Blackledge', 'kblackledge3n@furl.net', 'Male'),
(133, 'Maëlle', 'Goose', 'jgoose3o@godaddy.com', 'Male'),
(134, 'Océanne', 'Emma', 'eemma3p@domainmarket.com', 'Male'),
(135, 'Åsa', 'Auld', 'tauld3q@mit.edu', 'Female'),
(136, 'Frédérique', 'Gunner', 'ggunner3r@lulu.com', 'Female'),
(137, 'Léonie', 'Falconer-Taylor', 'mfalconertaylor3s@jalbum.net', 'Female'),
(138, 'Bérénice', 'Catterson', 'mcatterson3t@state.gov', 'Male'),
(139, 'Aimée', 'Robertelli', 'erobertelli3u@de.vu', 'Female'),
(140, 'Lorène', 'Lobley', 'ylobley3v@virginia.edu', 'Female'),
(141, 'André', 'Borne', 'eborne3w@addtoany.com', 'Male'),
(142, 'Réservés', 'Dibble', 'fdibble3x@cargocollective.com', 'Female'),
(143, 'Börje', 'Hinstridge', 'fhinstridge3y@youtube.com', 'Male'),
(144, 'Björn', 'Broek', 'bbroek3z@mozilla.com', 'Male'),
(145, 'Aloïs', 'Seville', 'gseville40@google.nl', 'Male'),
(146, 'Félicie', 'Samart', 'rsamart41@parallels.com', 'Female'),
(147, 'Sélène', 'Hearns', 'shearns42@storify.com', 'Male'),
(148, 'Loïca', 'Voce', 'cvoce43@issuu.com', 'Male'),
(149, 'Françoise', 'Fairrie', 'hfairrie44@nifty.com', 'Male'),
(150, 'Naéva', 'Banghe', 'jbanghe45@globo.com', 'Male'),
(151, 'Ráo', 'Vondrys', 'rvondrys46@wikispaces.com', 'Male'),
(152, 'Vérane', 'Alfonsini', 'ealfonsini47@dell.com', 'Female'),
(153, 'Néhémie', 'Nijs', 'cnijs48@mozilla.org', 'Male'),
(154, 'Yóu', 'Goldsby', 'fgoldsby49@earthlink.net', 'Female'),
(155, 'Clémence', 'MacCrossan', 'smaccrossan4a@umich.edu', 'Male'),
(156, 'Liè', 'Neilson', 'wneilson4b@umn.edu', 'Female'),
(157, 'Nélie', 'Gaffer', 'ggaffer4c@princeton.edu', 'Female'),
(158, 'Léone', 'Espie', 'fespie4d@cdc.gov', 'Male'),
(159, 'Laurélie', 'Thoma', 'lthoma4e@fc2.com', 'Male'),
(160, 'Marie-noël', 'Houldin', 'rhouldin4f@hc360.com', 'Male'),
(161, 'Marie-françoise', 'Strangeways', 'hstrangeways4g@samsung.com', 'Female'),
(162, 'Joséphine', 'Mowne', 'lmowne4h@wikipedia.org', 'Female'),
(163, 'Eugénie', 'Rentz', 'drentz4i@examiner.com', 'Male'),
(164, 'Léana', 'Axelby', 'saxelby4j@si.edu', 'Female'),
(165, 'Naëlle', 'Rollason', 'qrollason4k@adobe.com', 'Female'),
(166, 'Thérèsa', 'D\' Angelo', 'tdangelo4l@apache.org', 'Female'),
(167, 'Frédérique', 'Fayer', 'tfayer4m@businesswire.com', 'Female'),
(168, 'Styrbjörn', 'Kerton', 'gkerton4n@netlog.com', 'Male'),
(169, 'Maïté', 'Curragh', 'bcurragh4o@addtoany.com', 'Male'),
(170, 'Frédérique', 'Thomason', 'dthomason4p@feedburner.com', 'Male'),
(171, 'Solène', 'Bishop', 'abishop4q@hostgator.com', 'Male'),
(172, 'Gaétane', 'Brisson', 'wbrisson4r@taobao.com', 'Male'),
(173, 'Zoé', 'Belsey', 'vbelsey4s@arstechnica.com', 'Female'),
(174, 'Styrbjörn', 'Emanulsson', 'gemanulsson4t@parallels.com', 'Male'),
(175, 'Séréna', 'Ree', 'aree4u@deliciousdays.com', 'Female'),
(176, 'Eléa', 'MacDowal', 'jmacdowal4v@youku.com', 'Female'),
(177, 'Mélina', 'Dowdle', 'pdowdle4w@macromedia.com', 'Male'),
(178, 'Léone', 'Wakeman', 'jwakeman4x@adobe.com', 'Male'),
(179, 'Anaé', 'Utterson', 'cutterson4y@imgur.com', 'Male'),
(180, 'Yóu', 'Yvens', 'syvens4z@cdc.gov', 'Female'),
(181, 'Adèle', 'Demongeot', 'mdemongeot50@homestead.com', 'Male'),
(182, 'Simplifiés', 'Picardo', 'wpicardo51@1688.com', 'Male'),
(183, 'Marie-thérèse', 'Everett', 'oeverett52@qq.com', 'Male'),
(184, 'Ruì', 'Fawlks', 'pfawlks53@canalblog.com', 'Male'),
(185, 'Dù', 'Imlen', 'jimlen54@amazon.co.uk', 'Male'),
(186, 'Maëly', 'Sprowson', 'jsprowson55@google.nl', 'Male'),
(187, 'Nuó', 'Broadfield', 'vbroadfield56@census.gov', 'Male'),
(188, 'Andrée', 'Sterley', 'jsterley57@netscape.com', 'Female'),
(189, 'Maïlys', 'Novik', 'dnovik58@cocolog-nifty.com', 'Male'),
(190, 'Zoé', 'O\'Feeney', 'cofeeney59@mac.com', 'Male'),
(191, 'Joséphine', 'Addionisio', 'eaddionisio5a@fastcompany.com', 'Female'),
(192, 'Maëly', 'Wherrett', 'kwherrett5b@hhs.gov', 'Female'),
(193, 'Gaëlle', 'Wedderburn', 'swedderburn5c@addthis.com', 'Female'),
(194, 'Örjan', 'Manville', 'hmanville5d@dyndns.org', 'Female'),
(195, 'Réjane', 'Confait', 'aconfait5e@odnoklassniki.ru', 'Female'),
(196, 'Marie-josée', 'Pattisson', 'apattisson5f@omniture.com', 'Female'),
(197, 'Mélinda', 'Dutteridge', 'edutteridge5g@wiley.com', 'Female'),
(198, 'Lèi', 'Eliyahu', 'geliyahu5h@ed.gov', 'Female'),
(199, 'Håkan', 'Esland', 'mesland5i@samsung.com', 'Female'),
(200, 'Thérèse', 'Reddecliffe', 'greddecliffe5j@google.com.hk', 'Male'),
(201, 'Bérénice', 'Broker', 'abroker5k@drupal.org', 'Male'),
(202, 'Geneviève', 'Dand', 'mdand5l@yellowbook.com', 'Female'),
(203, 'Marylène', 'Borrell', 'aborrell5m@amazon.co.uk', 'Male'),
(204, 'Marie-hélène', 'Rohfsen', 'brohfsen5n@ed.gov', 'Female'),
(205, 'Aloïs', 'Gawne', 'agawne5o@wikimedia.org', 'Male'),
(206, 'Gisèle', 'Offner', 'goffner5p@sohu.com', 'Female'),
(207, 'Mélia', 'De Stoop', 'ldestoop5q@msu.edu', 'Female'),
(208, 'Clélia', 'Ackermann', 'iackermann5r@yolasite.com', 'Male'),
(209, 'Stévina', 'Lepoidevin', 'llepoidevin5s@hatena.ne.jp', 'Male'),
(210, 'Börje', 'Dunmore', 'ldunmore5t@shareasale.com', 'Male'),
(211, 'Noëlla', 'Plesing', 'gplesing5u@soundcloud.com', 'Male'),
(212, 'Mélys', 'Brigg', 'lbrigg5v@statcounter.com', 'Male'),
(213, 'Annotés', 'Gaskin', 'dgaskin5w@nydailynews.com', 'Female'),
(214, 'Salomé', 'Constantinou', 'tconstantinou5x@shareasale.com', 'Female'),
(215, 'Valérie', 'Butters', 'kbutters5y@washingtonpost.com', 'Male'),
(216, 'Zhì', 'Rheam', 'krheam5z@opensource.org', 'Female'),
(217, 'Sòng', 'Mandry', 'emandry60@altervista.org', 'Female'),
(218, 'Nadège', 'Osboldstone', 'eosboldstone61@microsoft.com', 'Male'),
(219, 'Médiamass', 'Letten', 'nletten62@mysql.com', 'Male'),
(220, 'Faîtes', 'Dudderidge', 'mdudderidge63@360.cn', 'Male'),
(221, 'Séverine', 'Smidmor', 'jsmidmor64@baidu.com', 'Male'),
(222, 'Léonore', 'Attock', 'aattock65@flickr.com', 'Male'),
(223, 'Eugénie', 'Crean', 'dcrean66@vimeo.com', 'Male'),
(224, 'Lài', 'Pikhno', 'apikhno67@mozilla.org', 'Female'),
(225, 'Maïté', 'Hattigan', 'ehattigan68@java.com', 'Male'),
(226, 'Marie-françoise', 'Skakunas', 'askakunas69@typepad.com', 'Male'),
(227, 'Annotés', 'Bamsey', 'pbamsey6a@nymag.com', 'Female'),
(228, 'Léone', 'Shwalbe', 'bshwalbe6b@amazon.com', 'Male'),
(229, 'Océanne', 'Bricksey', 'bbricksey6c@vistaprint.com', 'Female'),
(230, 'Andréanne', 'Ciciari', 'fciciari6d@comcast.net', 'Male'),
(231, 'Personnalisée', 'Chipperfield', 'achipperfield6e@facebook.com', 'Female'),
(232, 'Salomé', 'Stonuary', 'astonuary6f@squarespace.com', 'Female'),
(233, 'Zhì', 'Strain', 'mstrain6g@live.com', 'Male'),
(234, 'Dorothée', 'Robrow', 'trobrow6h@miibeian.gov.cn', 'Female'),
(235, 'Kévina', 'Claxton', 'rclaxton6i@mayoclinic.com', 'Female'),
(236, 'Lài', 'Vigneron', 'cvigneron6j@edublogs.org', 'Female'),
(237, 'Pénélope', 'de Villier', 'wdevillier6k@eventbrite.com', 'Female'),
(238, 'Mélanie', 'Carswell', 'hcarswell6l@chicagotribune.com', 'Female'),
(239, 'Marlène', 'Whoston', 'dwhoston6m@zimbio.com', 'Female'),
(240, 'Andréa', 'Tutill', 'stutill6n@wired.com', 'Male'),
(241, 'Kù', 'Wickling', 'twickling6o@tiny.cc', 'Male'),
(242, 'Maëlle', 'Zamora', 'mzamora6p@tripod.com', 'Male'),
(243, 'Miléna', 'Ivanchikov', 'sivanchikov6q@51.la', 'Male'),
(244, 'Maëlla', 'Domokos', 'edomokos6r@google.com.hk', 'Female'),
(245, 'Méline', 'Jubb', 'pjubb6s@wordpress.com', 'Male'),
(246, 'Mélodie', 'Brunon', 'cbrunon6t@zimbio.com', 'Female'),
(247, 'Clémence', 'Garbert', 'egarbert6u@xrea.com', 'Female'),
(248, 'Bénédicte', 'Grangier', 'rgrangier6v@mayoclinic.com', 'Female'),
(249, 'Eléa', 'Elcy', 'aelcy6w@drupal.org', 'Female'),
(250, 'Thérèse', 'Logue', 'zlogue6x@studiopress.com', 'Female'),
(251, 'Mén', 'Paulillo', 'epaulillo6y@reverbnation.com', 'Female'),
(252, 'Wá', 'Fernely', 'afernely6z@cafepress.com', 'Female'),
(253, 'Frédérique', 'Tompkin', 'otompkin70@tripod.com', 'Female'),
(254, 'Naéva', 'Riseborough', 'vriseborough71@columbia.edu', 'Male'),
(255, 'Liè', 'Bust', 'ybust72@dell.com', 'Male'),
(256, 'Pélagie', 'Bray', 'jbray73@miitbeian.gov.cn', 'Male'),
(257, 'Marie-josée', 'Bircher', 'fbircher74@illinois.edu', 'Female'),
(258, 'Thérèsa', 'Schooley', 'fschooley75@feedburner.com', 'Male'),
(259, 'Miléna', 'Litherland', 'clitherland76@hugedomains.com', 'Male'),
(260, 'Dafnée', 'Clench', 'lclench77@weibo.com', 'Female'),
(261, 'Clémence', 'Davidov', 'mdavidov78@cdc.gov', 'Female'),
(262, 'Naéva', 'Hobbema', 'fhobbema79@webeden.co.uk', 'Male'),
(263, 'Aimée', 'Spurryer', 'mspurryer7a@lycos.com', 'Male'),
(264, 'Annotés', 'Laidel', 'flaidel7b@vinaora.com', 'Female'),
(265, 'Lén', 'Heintze', 'iheintze7c@sitemeter.com', 'Female'),
(266, 'Yóu', 'Wilcocke', 'mwilcocke7d@diigo.com', 'Male'),
(267, 'Loïca', 'Raggitt', 'araggitt7e@boston.com', 'Female'),
(268, 'Kuí', 'Chamney', 'cchamney7f@jugem.jp', 'Female'),
(269, 'Laurène', 'Giacopello', 'dgiacopello7g@google.ca', 'Female'),
(270, 'Pélagie', 'Vossgen', 'jvossgen7h@google.com.au', 'Female'),
(271, 'Marie-hélène', 'Matula', 'bmatula7i@wikimedia.org', 'Female'),
(272, 'Eléa', 'McCarney', 'rmccarney7j@goodreads.com', 'Male'),
(273, 'Dafnée', 'Carnall', 'rcarnall7k@arstechnica.com', 'Male'),
(274, 'Cinéma', 'Coulsen', 'acoulsen7l@psu.edu', 'Female'),
(275, 'Cinéma', 'Cowcha', 'scowcha7m@addtoany.com', 'Male'),
(276, 'Magdalène', 'Wass', 'gwass7n@wordpress.org', 'Male'),
(277, 'Simplifiés', 'Grigor', 'lgrigor7o@discovery.com', 'Female'),
(278, 'Eloïse', 'Poland', 'kpoland7p@nba.com', 'Female'),
(279, 'Adélie', 'Leathe', 'eleathe7q@marketwatch.com', 'Female'),
(280, 'Pénélope', 'Galpin', 'jgalpin7r@360.cn', 'Female'),
(281, 'Eugénie', 'Aliman', 'caliman7s@google.com.hk', 'Female'),
(282, 'Méryl', 'Kenward', 'fkenward7t@csmonitor.com', 'Male'),
(283, 'Noémie', 'Wherton', 'rwherton7u@example.com', 'Female'),
(284, 'Josée', 'Emons', 'memons7v@dropbox.com', 'Male'),
(285, 'Pénélope', 'Tunnow', 'atunnow7w@comcast.net', 'Male'),
(286, 'Inès', 'Hagstone', 'ehagstone7x@va.gov', 'Male'),
(287, 'Thérèsa', 'Laxon', 'tlaxon7y@msn.com', 'Male'),
(288, 'Ophélie', 'Benyan', 'cbenyan7z@sourceforge.net', 'Female'),
(289, 'Maëline', 'Readhead', 'kreadhead80@cpanel.net', 'Female'),
(290, 'Amélie', 'Seegar', 'vseegar81@columbia.edu', 'Male'),
(291, 'Yénora', 'Stearn', 'wstearn82@indiegogo.com', 'Male'),
(292, 'Cécilia', 'Thickens', 'athickens83@wisc.edu', 'Female'),
(293, 'Östen', 'Mocher', 'jmocher84@tinyurl.com', 'Female'),
(294, 'Lài', 'Petticrow', 'mpetticrow85@hud.gov', 'Male'),
(295, 'Mélia', 'Tippler', 'ltippler86@globo.com', 'Female'),
(296, 'Laurélie', 'Dureden', 'ddureden87@arizona.edu', 'Female'),
(297, 'Maëlle', 'Bartke', 'mbartke88@deliciousdays.com', 'Female'),
(298, 'Océane', 'Loeber', 'qloeber89@hugedomains.com', 'Female'),
(299, 'Mélia', 'Foynes', 'bfoynes8a@harvard.edu', 'Female'),
(300, 'Méthode', 'Drust', 'fdrust8b@rakuten.co.jp', 'Male');

-- --------------------------------------------------------

--
-- Table structure for table `students`
--

DROP TABLE IF EXISTS `students`;
CREATE TABLE `students` (
  `student_id` int(11) NOT NULL,
  `title` varchar(5) NOT NULL,
  `last_name` varchar(20) NOT NULL,
  `first_name` varchar(20) NOT NULL,
  `specialization_id` tinyint(4) NOT NULL,
  `class_id` int(11) NOT NULL
) ENGINE=InnoDB DEFAULT CHARSET=utf8;

--
-- Dumping data for table `students`
--

INSERT INTO `students` (`student_id`, `title`, `last_name`, `first_name`, `specialization_id`, `class_id`) VALUES
(3503, 'Ms.', 'Joy', 'Dodi', 1, 287),
(3562, 'Ms.', 'Harpur', 'Tobye', 61, 290),
(3745, 'Mr.', 'Austick', 'Ignacius', 50, 291),
(3746, 'Ms.', 'Glasscott', 'Celinda', 1, 287),
(3747, 'Ms.', 'Willars', 'Tresa', 60, 288),
(3748, 'Mr.', 'Tipler', 'Thorndike', 60, 288),
(3749, 'Mr.', 'Dyzart', 'Gene', 50, 291),
(3759, 'Ms.', 'Archambault', 'Anestassia', 60, 288),
(3760, 'Ms.', 'Alldread', 'Enrika', 50, 291),
(3761, 'Mr.', 'Enrietto', 'Cesaro', 50, 291),
(3762, 'Ms.', 'Darlington', 'Ernestine', 3, 289),
(3763, 'Mr.', 'Ettridge', 'Bowie', 3, 289),
(3764, 'Ms.', 'Hodjetts', 'Janie', 3, 289),
(3768, 'Mr.', 'Chestnutt', 'Kelbee', 50, 291),
(3769, 'Mr.', 'Batchelour', 'Ingra', 50, 291),
(3771, 'Ms.', 'O\'Mara', 'Ashleigh', 61, 290),
(3773, 'Ms.', 'Mahomet', 'Catherin', 50, 291),
(3776, 'Mr.', 'Naisbitt', 'Alvan', 50, 291),
(3779, 'Mr.', 'Croser', 'Raimundo', 1, 287),
(3780, 'Ms.', 'Yitzhakov', 'Rubina', 3, 289),
(3783, 'Mr.', 'McGirl', 'Elwood', 3, 289),
(3785, 'Ms.', 'Crich', 'Aleece', 50, 291),
(3786, 'Mr.', 'MacAnulty', 'Giraud', 1, 287),
(3787, 'Mr.', 'Cardoo', 'Hallsy', 3, 289),
(3788, 'Ms.', 'Mulrenan', 'Brittni', 3, 289),
(3789, 'Ms.', 'Groucock', 'Andra', 50, 291),
(3792, 'Ms.', 'Giacomazzo', 'Christan', 50, 291),
(3795, 'Ms.', 'Hairyes', 'Belia', 3, 289),
(3796, 'Mr.', 'Sangra', 'Vinson', 3, 289),
(3798, 'Ms.', 'Standbrooke', 'Drusilla', 61, 290),
(3799, 'Mr.', 'Bircher', 'Elmo', 60, 288),
(3800, 'Ms.', 'Callcott', 'Jehanna', 50, 291),
(3801, 'Ms.', 'Hickisson', 'Teresina', 3, 289),
(3802, 'Ms.', 'Labarre', 'Annabel', 3, 289),
(3803, 'Mr.', 'McInnerny', 'Nev', 3, 289),
(3804, 'Mr.', 'McCray', 'Andrej', 61, 290),
(3805, 'Mr.', 'Bussons', 'Artemas', 1, 287),
(3813, 'Mr.', 'Gimbrett', 'Leroy', 1, 287),
(3814, 'Mr.', 'Shawley', 'Drake', 1, 287),
(3815, 'Ms.', 'Appleford', 'Lorette', 1, 287),
(3817, 'Ms.', 'Mainson', 'Starlin', 3, 289),
(3818, 'Mr.', 'Karpushkin', 'Jimmie', 3, 289),
(3819, 'Ms.', 'Woffinden', 'Alejandra', 3, 289),
(3820, 'Mr.', 'Youthead', 'Berty', 50, 291),
(3821, 'Mr.', 'Garraway', 'Cosmo', 61, 290),
(3822, 'Ms.', 'Carrett', 'Fanni', 60, 288),
(3823, 'Mr.', 'Archer', 'Billie', 60, 288),
(3825, 'Ms.', 'Egginson', 'Maressa', 1, 287),
(3827, 'Mr.', 'Tash', 'Pietro', 50, 291),
(3830, 'Mr.', 'Cinelli', 'Erny', 50, 291),
(3832, 'Ms.', 'Secretan', 'Shaylynn', 1, 287),
(3833, 'Mr.', 'Roser', 'Parnell', 3, 289),
(3835, 'Ms.', 'Jolliffe', 'Jeniece', 3, 289),
(3836, 'Ms.', 'Vasechkin', 'Miquela', 61, 290),
(3838, 'Mr.', 'Forman', 'Sascha', 50, 291),
(3840, 'Ms.', 'Jedrzejczak', 'Valma', 61, 290),
(3842, 'Ms.', 'Manneville', 'Sharl', 61, 290),
(3843, 'Ms.', 'Gallety', 'Benita', 50, 291),
(3844, 'Mr.', 'Mac', 'Harv', 60, 288),
(3845, 'Mr.', 'Jupe', 'Evin', 50, 291),
(3847, 'Ms.', 'Climie', 'Celine', 60, 288),
(3848, 'Ms.', 'Forre', 'Dolores', 61, 290),
(3850, 'Mr.', 'Fincke', 'Carl', 50, 291),
(3851, 'Mr.', 'Lougheid', 'Fraser', 60, 288),
(3852, 'Mr.', 'Overstreet', 'Colas', 1, 287),
(3856, 'Ms.', 'Jaffray', 'Stormy', 1, 287),
(3858, 'Mr.', 'Every', 'Free', 50, 291),
(3859, 'Mr.', 'Coppeard', 'Barton', 50, 291),
(3860, 'Mr.', 'Salters', 'Putnem', 3, 289),
(3861, 'Mr.', 'Driscoll', 'Tirrell', 60, 288),
(3864, 'Ms.', 'Bartalin', 'Delcine', 3, 289),
(3865, 'Mr.', 'Degue', 'Von', 3, 289),
(3866, 'Ms.', 'Kensington', 'Samantha', 1, 287),
(3867, 'Ms.', 'McKennan', 'Dodi', 50, 291),
(3868, 'Ms.', 'Oldknow', 'Anna', 1, 287),
(3874, 'Ms.', 'D\'eye', 'Elga', 60, 288),
(3875, 'Mr.', 'MacTrustram', 'Josh', 50, 291),
(3876, 'Mr.', 'McGarrie', 'Lucais', 1, 287),
(3877, 'Ms.', 'Ead', 'Margaretha', 50, 291),
(3880, 'Ms.', 'Gilchrest', 'Hannis', 1, 287),
(3881, 'Mr.', 'Fairnington', 'Gard', 1, 287),
(3883, 'Mr.', 'Duchan', 'Hanan', 61, 290),
(3884, 'Ms.', 'Swannack', 'Goldi', 3, 289),
(3885, 'Ms.', 'Endecott', 'Darla', 60, 288),
(3892, 'Mr.', 'Jancso', 'Giraldo', 50, 291),
(3896, 'Mr.', 'Shellshear', 'Jeramie', 50, 291),
(3897, 'Ms.', 'Pearcehouse', 'Corey', 61, 290),
(3898, 'Ms.', 'McCrorie', 'Loleta', 3, 289),
(3903, 'Ms.', 'Courtier', 'Kerstin', 1, 287),
(3904, 'Mr.', 'Brookz', 'Silvio', 1, 287),
(3905, 'Mr.', 'Mayze', 'Will', 3, 289),
(3906, 'Ms.', 'Eliyahu', 'Dulcia', 61, 290),
(3907, 'Mr.', 'Kidwell', 'Jakie', 1, 287),
(3908, 'Mr.', 'Salmoni', 'Cassie', 1, 287),
(3910, 'Ms.', 'Fillgate', 'Nikaniki', 60, 288),
(3912, 'Ms.', 'Tingcomb', 'Sallyann', 50, 291),
(3915, 'Mr.', 'Greenstead', 'Nicolai', 50, 291),
(3916, 'Mr.', 'Ganny', 'Theo', 61, 290),
(3918, 'Ms.', 'Royans', 'Iormina', 61, 290),
(3920, 'Mr.', 'Cargo', 'Lambert', 61, 290),
(3922, 'Mr.', 'Sommer', 'Isaiah', 60, 288),
(3927, 'Ms.', 'Swinglehurst', 'Gene', 60, 288),
(3932, 'Mr.', 'Shepherdson', 'George', 61, 290),
(3933, 'Ms.', 'Crowcombe', 'Cacilia', 1, 287),
(3934, 'Mr.', 'Lyosik', 'Tristan', 1, 287),
(3935, 'Mr.', 'Gisbourn', 'Eberhard', 1, 287),
(3936, 'Ms.', 'Cogman', 'Karon', 50, 291),
(3937, 'Ms.', 'Dryden', 'Lilias', 60, 288),
(3938, 'Ms.', 'Jiggins', 'Nissy', 3, 289),
(3940, 'Ms.', 'Grolle', 'Ambur', 61, 290),
(3941, 'Ms.', 'Ondracek', 'Geralda', 61, 290),
(3943, 'Mr.', 'Wike', 'Galven', 61, 290),
(3945, 'Ms.', 'Grouer', 'Meta', 61, 290),
(3947, 'Mr.', 'Coulling', 'Kermie', 1, 287),
(3948, 'Mr.', 'Mallya', 'Terri', 50, 291),
(3951, 'Mr.', 'Shute', 'Avery', 60, 288),
(3952, 'Ms.', 'Bankhurst', 'Fanny', 61, 290),
(3954, 'Ms.', 'Merill', 'Hyacinth', 60, 288),
(3955, 'Mr.', 'Rolingson', 'Silvan', 60, 288),
(3956, 'Ms.', 'Clifford', 'Deanne', 61, 290),
(3957, 'Mr.', 'Winterbotham', 'Moises', 50, 291),
(3960, 'Mr.', 'Brimming', 'Redford', 1, 287),
(3961, 'Mr.', 'Screas', 'Felike', 1, 287),
(3962, 'Ms.', 'Vinson', 'Edwina', 60, 288),
(3963, 'Ms.', 'Patrickson', 'Cher', 50, 291),
(3965, 'Ms.', 'Myrick', 'Star', 1, 287),
(3971, 'Ms.', 'McGrory', 'Margalo', 60, 288),
(3973, 'Ms.', 'Fluin', 'Effie', 60, 288),
(3974, 'Ms.', 'Maffezzoli', 'Livia', 1, 287),
(3976, 'Ms.', 'Whyborne', 'Meta', 50, 291),
(3977, 'Ms.', 'Imbrey', 'Sibella', 1, 287),
(3978, 'Mr.', 'Normanvill', 'Lyman', 61, 290),
(3979, 'Ms.', 'Fakeley', 'Tawnya', 1, 287),
(3980, 'Ms.', 'Munton', 'Jermaine', 1, 287),
(3985, 'Mr.', 'Degan', 'Nathanil', 61, 290),
(3993, 'Ms.', 'Gammage', 'Mureil', 60, 288),
(3997, 'Ms.', 'Berling', 'Valli', 3, 289),
(4000, 'Ms.', 'Parnham', 'Bamby', 1, 287),
(4006, 'Mr.', 'Woodhouse', 'Cesar', 3, 289);

-- --------------------------------------------------------

--
-- Table structure for table `subjects`
--

DROP TABLE IF EXISTS `subjects`;
CREATE TABLE `subjects` (
  `subject_id` int(11) NOT NULL,
  `subject` varchar(255) NOT NULL
) ENGINE=InnoDB DEFAULT CHARSET=utf8;

--
-- Dumping data for table `subjects`
--

INSERT INTO `subjects` (`subject_id`, `subject`) VALUES
(1, 'Allemand'),
(2, 'Analyse et conduite de la relation commerciale'),
(3, 'Analyse financière'),
(4, 'Anglais'),
(5, 'Atelier Innov\'EPA'),
(6, 'Atelier de professionnalisation'),
(7, 'Atelier de recherche de stage'),
(8, 'Bilan social et audit'),
(9, 'Bureautique'),
(10, 'Commerce International'),
(11, 'Communication Interne et Externe'),
(12, 'Communication et management interculturel'),
(13, 'Culture Economique, Juridique et Managériale'),
(14, 'Culture Générale et Expression'),
(15, 'Droit'),
(16, 'Droit - Gestion'),
(17, 'Démarche Qualité'),
(18, 'Développement des Unités Commerciales'),
(19, 'Economie Droit'),
(20, 'Economie générale'),
(21, 'Epreuve semestrielle : Allemand, écrit'),
(22, 'Epreuve semestrielle : Analyse diagnostique des marchés étrangers'),
(23, 'Epreuve semestrielle : Anglais, écrit'),
(24, 'Epreuve semestrielle : Culture générale et Expression'),
(25, 'Epreuve semestrielle : Culture économique, juridique et managériale'),
(26, 'Epreuve semestrielle : Droit'),
(27, 'Epreuve semestrielle : Droit Gestion'),
(28, 'Epreuve semestrielle : Economie Générale'),
(29, 'Epreuve semestrielle : Economie droit'),
(30, 'Epreuve semestrielle : Espagnol, écrit'),
(31, 'Epreuve semestrielle : Gestion'),
(32, 'Epreuve semestrielle : Gestion commerciale'),
(33, 'Epreuve semestrielle : Gestion de la Relation Commerciale'),
(34, 'Epreuve semestrielle : Gestion de la relation client'),
(35, 'Epreuve semestrielle : Gestion des relations avec les clients et les fournisseurs'),
(36, 'Epreuve semestrielle : Management des entreprises'),
(37, 'Epreuve semestrielle : Management et gestion des Unités Commerciales'),
(38, 'Epreuve semestrielle : Montage des opérations d\'import export'),
(39, 'Epreuve semestrielle : Production d\'une prestation touristique'),
(40, 'Epreuve semestrielle : Production d\'une prestation touristique : Mercatique'),
(41, 'Epreuve semestrielle : Prospection et suivi de clientèle'),
(42, 'Epreuve semestrielle : Relation client et animation de réseaux'),
(43, 'Epreuve semestrielle : Relation client et négociation vente'),
(44, 'Epreuve semestrielle : Relation client à distance et digitalisation'),
(45, 'Epreuve semestrielle : Soutenir le fonctionnement et le développement de la Pme'),
(46, 'Epreuve semestrielle : Tourisme et Territoires'),
(47, 'Epreuve semestrielle : communication interne et externe'),
(48, 'Epreuve semestrielle : développement des unités commerciales'),
(49, 'Epreuve semestrielle: Communication et management interculturels'),
(50, 'Espagnol'),
(51, 'Etude et veille des marchés étrangers'),
(52, 'Etudes et Activités Commerciales'),
(53, 'Finalités du Marketing'),
(54, 'Gestion commerciale'),
(55, 'Gestion comptable et financière'),
(56, 'Gestion de la relation Commerciale'),
(57, 'Gestion de la relation client'),
(58, 'Gestion des Relations avec les Clients et les Fournisseurs'),
(59, 'Gestion des opérations d\'import-export'),
(60, 'Géopolitique'),
(61, 'Histoire Géographie'),
(62, 'Informatique commerciale'),
(63, 'Intégration en Entreprise'),
(64, 'Le recrutement en anglais'),
(65, 'Management de l\'équipe commerciale'),
(66, 'Management des Entreprises'),
(67, 'Management et Gestion des UC'),
(68, 'Mercatique'),
(69, 'Montage d\'une prestation touristique'),
(70, 'Négociation commerciale'),
(71, 'Outils bureautiques'),
(72, 'Outils de gestion'),
(73, 'Prospection et suivi de clientèle'),
(74, 'Pérennisation de l\'entreprise'),
(75, 'Qualité RH'),
(76, 'Relation client et animation de réseaux'),
(77, 'Relation client et négociation vente'),
(78, 'Relation client à distance et digitalisation'),
(79, 'Réseaux sociaux'),
(80, 'Révisions'),
(81, 'Segmentation stratégique'),
(82, 'Soutenir le fonctionnement et le développement de la Pme'),
(83, 'Séance inaugurale'),
(84, 'Séance introductive'),
(85, 'Team building'),
(86, 'Tourisme et Territoires'),
(87, 'Travaux Dirigés Tourisme et Territoires'),
(88, 'Utilisation stratégique des ratios financiers'),
(89, 'Vente appliquée aux produits touristiques'),
(90, 'Webmarketing');

--
-- Indexes for dumped tables
--

--
-- Indexes for table `absences`
--
ALTER TABLE `absences`
  ADD UNIQUE KEY `student_course` (`student_id`,`course_id`),
  ADD KEY `course_id` (`course_id`);

--
-- Indexes for table `classes`
--
ALTER TABLE `classes`
  ADD PRIMARY KEY (`class_id`);

--
-- Indexes for table `courses`
--
ALTER TABLE `courses`
  ADD PRIMARY KEY (`course_id`),
  ADD KEY `subject_id` (`subject_id`),
  ADD KEY `professor_id` (`professor_id`),
  ADD KEY `class_id` (`class_id`);

--
-- Indexes for table `professors`
--
ALTER TABLE `professors`
  ADD PRIMARY KEY (`professor_id`);

--
-- Indexes for table `students`
--
ALTER TABLE `students`
  ADD PRIMARY KEY (`student_id`),
  ADD KEY `class_id` (`class_id`);

--
-- Indexes for table `subjects`
--
ALTER TABLE `subjects`
  ADD PRIMARY KEY (`subject_id`);

--
-- AUTO_INCREMENT for dumped tables
--

--
-- AUTO_INCREMENT for table `classes`
--
ALTER TABLE `classes`
  MODIFY `class_id` int(11) NOT NULL AUTO_INCREMENT, AUTO_INCREMENT=292;
--
-- AUTO_INCREMENT for table `courses`
--
ALTER TABLE `courses`
  MODIFY `course_id` int(11) NOT NULL AUTO_INCREMENT, AUTO_INCREMENT=78760;
--
-- AUTO_INCREMENT for table `professors`
--
ALTER TABLE `professors`
  MODIFY `professor_id` int(11) NOT NULL AUTO_INCREMENT, AUTO_INCREMENT=301;
--
-- AUTO_INCREMENT for table `students`
--
ALTER TABLE `students`
  MODIFY `student_id` int(11) NOT NULL AUTO_INCREMENT, AUTO_INCREMENT=4007;
--
-- AUTO_INCREMENT for table `subjects`
--
ALTER TABLE `subjects`
  MODIFY `subject_id` int(11) NOT NULL AUTO_INCREMENT, AUTO_INCREMENT=91;
--
-- Constraints for dumped tables
--

--
-- Constraints for table `courses`
--
ALTER TABLE `courses`
  ADD CONSTRAINT `courses_ibfk_1` FOREIGN KEY (`professor_id`) REFERENCES `professors` (`professor_id`) ON DELETE SET NULL ON UPDATE SET NULL;

/*!40101 SET CHARACTER_SET_CLIENT=@OLD_CHARACTER_SET_CLIENT */;
/*!40101 SET CHARACTER_SET_RESULTS=@OLD_CHARACTER_SET_RESULTS */;
/*!40101 SET COLLATION_CONNECTION=@OLD_COLLATION_CONNECTION */;
